199399	npm	3
195690	geovany_mueller	3
195802	auguue	3
199894	marilpz	0
196536	shanna_armstrong	3
195860	randbv	3
197238	zachery_pfeffer	3
195431	marianne_rice	3
196896	adelns	3
196515	amaol	0
197597	adolphus_schoen	3
195467	elena_treutel	0
196925	randal_cono	3
195214	angelita_turner	0
196184	armaoy	0
199559	eldost	0
197330	audie_swift	3
196512	alfosa	0
198925	laveroy	3
195375	jaho	3
196458	julli	3
195787	jammie.gottlieb	0
196464	trycje	3
198776	juos	3
199371	nichole_trantox	0
198516	chanel.sipes	0
197749	tom.hilll	3
198084	camrzu	3
199609	augustwd	3
198514	isabell_bartell	0
195189	adalberuh	3
196034	horace.beatty	3
195307	karianne_stiedemann	0
198802	paul_williamson	3
197603	lotk	3
198825	brittany.kling	0
197924	ted_funk	3
195781	estella.waters	3
198102	glenna.lind	3
195058	leola.donnelly	3
196742	shaniya_rogahn	0
196991	brianok	0
195054	vincenzo_olson	0
196523	jared.connelly	3
197925	miracmo	0
196328	stone_mann	3
195743	mabmm	0
195714	emerald_heidenreich	0
199270	fredfg	3
196874	emetk	3
196551	gcd	3
197699	kathryob	0
196135	rhoda.renner	0
196469	eldridge.conn	0
197721	hudsqf	3
196362	annabelmj	0
196054	agnes.ruecker	3
198041	tfe	0
197871	abigajl	0
196947	nadia.heathcote	0
199744	josie.tillman	0
196301	lottie.mcglynn	3
199903	treva.mccullough	3
197118	rashawn.bode	3
197950	thelnb	3
196989	tiara.batz	3
199122	brypy	3
198664	rugu	0
195708	bonita.weimann	0
195920	emmeut	3
199286	mosz	0
197352	catf	3
195204	jerrell.skiles	3
199101	addie.will	3
199479	norvcf	3
199049	westlga	3
197102	luqn	3
197582	devin_beer	3
199319	laurie_rippin	0
197106	myroe	0
196699	carlotul	3
196168	melba_gaylord	0
198933	laurgz	0
197112	esperaoag	3
196001	randamq	3
198957	terremy	0
199306	halle.carter	3
195924	clint_lehner	0
197720	candido_hudson	0
198304	sabriog	0
195695	dortha_schowalter	0
199906	bettzn	0
196855	josephine_tillman	3
196265	jordaoi	3
199833	sydngx	0
196713	adrienne_corwin	3
199769	emile_padberg	0
195144	lelji	3
199612	laverna_windler	0
196388	margaretvv	0
195320	lambetb	3
197812	lottie.hintz	3
199896	delfina.fahey	0
197594	vicente.witting	3
198520	ladarius_zemlak	3
196787	rickey.baumbach	3
199997	donavpx	3
196685	kaci.doyle	3
195609	cleug	3
196692	greta.mraz	0
198024	brendbx	3
199752	stanley.mayer	3
195673	ubaldo.von	3
196427	davion_king	0
195977	quentjo	0
197966	hayley_koch	3
195459	jamespw	3
195867	mertie_huel	0
198806	marshall.anderson	3
195038	mbav	0
195110	giusepqf	0
199176	alhz	3
197358	titus.abernathy	0
198984	lloyd_west	0
196789	arnulfo_rowe	3
196710	bo_maggio	0
198604	mabel_bradtke	3
199391	keyshawn_kohler	3
197701	pavx	3
199043	tyshaxx	3
195276	gabrifp	0
199693	royce_lind	3
195498	breanne.grady	3
196822	shanel_wuckert	3
195620	rosamond_klein	0
196757	giuseppe.feil	0
195306	margarevu	0
198845	annabelmk	0
197959	arri	0
199023	monty_fahey	3
199310	israel.steuber	3
197139	laurendu	3
195043	hallie.trantow	0
195185	arnulfo.powlowski	3
198077	angus.flatley	0
198974	fabiola_goodwin	3
199017	eldred.farrell	3
197193	evereuv	0
197482	jimmie.schaefer	3
197364	tertk	0
195603	garfiemo	0
196391	flavkj	0
197442	jonas_wolf	3
197331	savanah_goldner	3
196968	margarevw	0
195112	ozelmk	3
198868	rofq	3
195852	brennpu	3
197734	annabelle_purdy	3
199705	leora_batz	3
199707	lafayetul	3
195289	gerard_ortiz	0
195887	albervq	3
195134	abner_schamberger	0
197986	awk	0
199836	keenan.jacobs	3
197370	katlyos	3
199221	jacinto.gislason	3
199822	andrew_hahn	0
198287	vivien.schroeder	0
197393	marljz	0
195195	leonard.veum	3
196315	lloyd_carroll	3
196571	emam	3
196940	nia_von	0
198876	ramoop	3
197857	barrett.kerluke	3
197932	enriqvn	0
199723	darwin.labadie	0
195849	adelnr	0
199614	louitm	0
196488	macie_bauch	0
196214	elinpp	3
196324	kacie_quigley	3
196426	sylvia.wolff	3
196743	else.ankunding	3
199443	jordan.turner	0
196299	eriberur	0
199314	yasmin_brown	3
199398	yoshiko.bradtke	3
195191	wilbetp	3
197422	valljo	3
198302	alexandfr	3
196610	marcellus_collies	0
195287	birdie.jenkins	3
195280	esperaoaf	0
196759	corene.bayer	0
196815	devyn.beer	3
198416	marjolaion	0
198873	zipw	3
199430	habz	3
195804	estevbw	0
195687	raymond.runolfon	0
197148	rafaela_jacobson	3
197480	ilene.cronin	3
198650	kaden.bergstrom	3
197138	tod_parker	0
199704	cany	0
199907	brionok	0
195209	morgan.borer	0
198892	nimu	0
198997	bernie.cummerata	3
197217	loreobk	3
195393	dedrjh	3
195256	florine_torp	3
196888	erick_mayert	0
195855	wymbk	3
197254	bryce.prosacco	3
198434	carrjk	3
198951	milfosi	0
199373	damica	3
196850	taylqi	0
195077	yazmin.abbott	0
197007	zackasy	0
195377	felicity_koepp	0
197051	leanpt	0
198719	emetl	3
198697	mona_kunde	3
199765	melody.monahan	0
197783	emmfw	0
197503	judspx	3
196142	viva_bailey	0
196341	loog	3
196701	nannie.jones	0
196062	keven_wiza	3
199946	elbetd	3
197063	mckenzjj	3
199620	louvenia_bednar	0
198124	rashawn.wisoky	0
196646	dorcci	0
196688	caleb_collint	3
196970	broxl	3
197829	thereum	3
196847	loraine_hilll	3
198768	elfrieda.herman	3
196327	tevin.sanford	0
195074	derridp	0
199140	efren.kub	0
199795	layoi	3
196484	adele.beahao	0
199194	willow.farrell	0
196644	elvkz	0
197836	derpx	0
195817	alepf	0
198414	alexzandfx	3
195684	bradlge	3
196654	barpx	3
198109	jewemz	3
196130	haskell_turcotte	3
198811	lauretta_weimann	3
196035	mervin.christiansen	3
198040	aurelia_bashirian	0
197177	ernesto.donnelly	0
199066	johnpavp	3
199671	camille.dickens	3
198660	jacynthe_thiel	0
197008	flpy	3
197676	lora_kemmer	0
196000	lane.green	0
195333	mathibs	3
198478	connjk	0
197620	felkd	0
196246	eloise_vandervort	3
197147	buck.lockman	3
196953	winnifred_kreiger	0
196215	kysi	0
199436	cyrvy	0
197821	jejl	3
199681	robervx	0
197614	elva.dare	0
198618	shanizn	0
196593	maje	3
196622	bpad	3
198528	rigoberuv	3
197178	jaida.jacobson	0
198087	willicg	0
197329	mfd	3
195514	aglbj	3
196097	jordy.mcglynn	0
199988	cadfo	3
197667	elfrieda.wilderman	3
197375	rae_hettinger	3
198122	icjf	3
197044	ulises.harris	3
199529	kallie.effertz	3
197851	gloria_lehner	3
196916	afton_wolff	3
197251	frederique.leuschke	0
195002	stacge	0
199829	angelica_beahan	3
196996	christine.zboncak	3
195891	heather_stark	0
196570	dominiqvm	3
199092	karlgm	3
197382	devin_hirthe	3
199467	devbx	0
195680	anastacjy	3
199378	zetui	3
195141	kayleigh.grant	0
196178	ona.jenkins	0
198154	miouri_quitzon	0
195858	kaley_orn	3
197314	tara_hettinger	3
196180	gino_kling	3
198314	eleog	0
198107	demarco_pfeffes	0
196042	vergie.torp	3
197236	chanelle.connelly	3
199411	laurianne_wunsch	3
198388	cathrzr	0
195851	itzfr	3
196387	shembu	0
198527	alhy	0
196516	donald_lehner	0
197264	greg_yundt	0
197938	clotilde_beer	0
195148	cristobbq	0
199918	ashton.langworth	0
198899	deondsg	0
198432	claudior	0
195194	lavinia_tromp	0
195783	ravs	0
195396	mertie.dietrich	0
197707	laverow	3
195010	hailjo	0
197801	aurellg	3
197910	jensen_friesen	3
196995	waylpz	3
199464	chandler.pfeffer	3
196078	torgg	3
196931	rebeka.bergnaum	0
197994	janies	3
197353	cleta_corkery	3
199638	alfrefr	0
199913	myles.prosacco	3
196663	germbs	0
199177	vincenzo.prohaska	0
198447	waino.blick	0
196262	kamren_mcglynn	0
198325	artusy	3
198628	stephan.corkery	3
196375	branii	0
197145	evapb	3
195242	deshawn_ko	0
197115	meta.boyle	0
198135	rsc	0
199059	elofc	3
199431	doris.ankunding	0
199603	raul.davis	3
199483	anastasjd	0
195237	kelton_cruickshank	3
199502	keelfv	3
196386	malinda_wolf	3
196503	jamir_king	3
199901	hudsqg	0
197615	zuma	3
199192	elyse.ruel	3
196775	sanfosj	0
199951	webster.bruen	0
197725	jazmyn.heaney	0
197551	barton_lynch	3
195574	geovany_cormier	0
198895	eli.beahan	0
199566	luelmb	0
197868	cleveland_johnston	3
197536	cecile_gislason	0
199175	dixjj	3
195300	gerhasj	0
195344	dominiqvl	3
195055	geovanpx	0
197132	odjk	0
195103	gje	3
199426	justina.sporer	3
197183	maybelmk	0
195744	garlaol	0
199315	malacir	0
195919	harmopn	3
198350	donavc	3
199118	kelvin_kshlerin	0
195710	floyd_hagenes	0
197248	liza.schroeder	3
198028	madelyn.kub	3
195125	panud	0
197242	ernestipk	3
199851	isaac_jacobi	0
198991	hipolito_connelly	0
199929	mikayla.klocko	0
199459	keagby	0
195220	beryl_willms	0
199551	friedrich.altenwerth	3
198168	adaline_ankunding	0
197875	keend	3
196225	keelfu	3
195549	lazaro.sipes	3
199091	tamara.fritsch	0
195017	marcenf	3
197090	trudie.renner	0
198561	jules.stark	3
199477	kendse	3
199350	gujp	3
195789	declan_bode	0
197025	dallin.jast	3
199365	leda_hickle	3
196769	gipe	3
196160	colin_hayes	0
196303	virginie_oconnelm	3
196907	glennie_gusikowski	3
198212	ulicgc	3
197593	clevelaoi	0
199869	bartpw	0
197318	ron.hagenes	3
197951	wellingtqf	3
196807	june.kerlukf	0
199684	meagby	3
199354	walker.quitzon	3
196438	rudy.nolan	3
199940	thhc	3
199105	cheyenne_stamm	0
199155	justus_green	3
195252	tavarfx	3
198100	rebelr	3
196221	abe_altenwerth	0
195341	lacey_aufderhar	3
197515	gladzx	3
197349	kiol	3
197763	christipu	3
195196	tony.quigley	0
195510	laiml	3
195661	ephrajs	3
195847	angfu	3
195906	hermaoy	0
199291	adolph_ankunding	3
198882	rachael_heathcote	0
198715	humberto_harvey	0
197066	edos	3
197311	jakayml	3
198072	alcw	3
196275	exg	0
195737	ike.schuster	3
197920	santpx	3
197086	kamrfv	0
198128	jarre	0
198326	janea_little	3
197096	jaqz	0
197796	raymundo.wolff	0
197196	sabryna.gottlieb	0
196355	sydol	3
199532	madonna.kuhn	0
198444	isom.green	0
198948	izaiah.greenholt	3
196456	odjj	0
199650	forrest.bruen	0
199992	karl.hoppe	0
198353	jensen.hane	0
197946	lonzo_fritsch	3
197339	natalia.ko	0
196296	jimmie.hoppe	3
198110	addjm	0
197508	angvu	3
195445	norrjs	3
195166	stelme	3
198711	viwp	3
198630	mollje	0
195495	porter.koepp	3
195352	lydia.grady	0
197169	bonnjn	0
196657	scotuw	0
195956	bobbju	3
197963	trisha.dietrich	3
197344	hortentp	0
198814	shanqx	0
196389	hollkv	0
198036	tia_lowe	3
199123	michemn	0
195859	trevpx	3
199817	zoge	0
197404	lionel.fadel	3
195022	kenneuq	3
195785	edmond_roob	3
196587	rilge	0
197326	chandler_veum	3
198622	coreoi	3
195810	jeff_littel	3
199969	nikki.spencer	3
195153	maxie.tillman	3
197089	imelef	3
199801	marianpd	3
197882	luciwa	3
198970	eudosc	3
196597	regan.kuhic	3
199955	bropx	0
197055	wimr	0
198459	leeo	3
196994	susaoj	3
198603	teresa_stanton	0
199731	jose_kuphal	0
195379	delia_rosenbaum	0
197071	ines_schimmel	3
198435	retie	3
198515	henrietui	3
199285	lito	0
195421	deqc	0
199870	orvbz	0
198412	elmore_rosenbaum	0
195728	valentipd	0
196298	estebbs	0
195712	velma.sawayn	0
196401	ru.carter	0
199990	shyann.reichert	3
199097	alexandriog	3
199750	nobx	3
195519	zadx	3
198910	gerson.marks	3
198144	ardfo	0
199772	crwi	0
195955	keypp	0
195784	heiei	3
199025	peren	3
197601	roxane.towne	3
195959	mbax	0
199252	bella_grimes	0
195905	hollis.rath	0
199381	alispt	0
196519	rylee.sauer	3
198551	clawa	0
199307	cordeljk	3
198511	marquis_ohara	3
196419	kristicc	3
199336	marilou.bergnaum	3
196858	nimt	3
198169	leo_collier	0
196616	tanner.dubuque	3
198379	perem	3
195187	fannjk	0
196122	lucy_kemmer	0
196393	hellfr	0
198744	autumn_terry	3
197312	trenton_erdman	0
198051	griffin_robel	0
195504	donavon.kub	3
196263	nosk	3
199143	august.casper	3
199068	lisa_macejkovic	3
196349	georht	3
197421	jerry_nicolas	3
195843	vernie_legros	3
196116	rubzh	3
196765	judbm	0
195076	jasmin_kerluke	0
196181	kaitljn	0
197742	jangh	3
195767	nola.bergnaum	3
196472	queen_kuphal	3
196753	erln	0
198482	waltpz	0
195818	joy.strackf	0
197295	hpab	0
195486	myrl.daniel	3
199741	antonette.flatley	0
196487	carolyne.wilkinson	3
196799	patrick.bednar	0
195198	maxiqi	0
197604	sheila.schamberges	0
199387	mitchemn	3
199934	joaquin.buckridge	0
195590	freeda.hudson	3
197297	sonia.wolff	3
195984	korgj	0
196413	lenore.hilpert	3
197939	rofp	0
199348	danielny	3
197937	dax.cummeratb	3
197556	riley_klocko	3
198262	roberta.fritsch	0
196647	laurence.zemlak	3
195838	kieran_schiller	3
198721	wasp	3
196811	reagan_wyman	3
196623	rilgf	0
197586	mariuap	0
195730	elisa.douglas	0
196395	magali.kunde	3
196561	nikolbo	0
196897	lon_torphy	3
197770	caitlyn.emard	0
195693	laron_powlowski	0
197731	maximilibs	0
198676	conngc	0
195457	thelna	0
199724	jett.bartoletti	3
196758	christelly	3
196951	rozella_bartell	0
197284	abdigb	3
195759	oren.adams	0
195146	kallie_hackett	0
199657	vern_predovic	0
198854	percy_larson	3
196804	orion_monahan	0
196952	bridgge	3
199848	penelope.marquardt	0
199678	emiod	0
199558	reyog	0
196520	hailee.stamm	3
197815	felicji	3
196585	darft	3
197061	lexie_kunde	3
195230	ayljx	0
196785	miltpt	0
198451	alhx	0
199902	ceasbu	0
196166	lia.hintz	0
197109	lemqn	3
196803	jedidiah.king	0
196102	ola.jenkins	0
199639	adalion	3
198809	jegg	0
196029	jerrpp	3
199153	buford.huels	3
195121	amya.donnelly	3
197559	brenna.bauch	0
199531	presley.christiansen	0
196090	isidsv	3
197771	curtis.goyette	3
197839	nyasia_wiegand	3
197036	bernard.lakio	3
199660	matilfn	0
198706	jack.braun	3
196289	arnaldo_anderson	3
196486	nedsh	0
195284	estebbr	3
197053	damt	3
196094	jhv	0
199739	milan.eichmann	3
199395	elyty	0
197244	lorna_mosciski	3
197252	remington.hamill	0
198120	shanky	0
195896	calista.huels	3
196936	romby	0
199128	domingo_brekke	3
195484	kutg	0
196791	ivy.runolfsdottir	3
196161	gregb	3
199683	amerifl	0
196232	fiona.kohles	0
198161	brenej	0
198057	gaston_labadie	0
198659	pedtc	0
199423	madge_miller	0
198878	zachariah.rutherford	3
195232	mohammbt	3
195531	jayce_rippin	0
195246	llozp	3
195701	brenna_wiegand	0
199361	corbjx	0
196797	libbjq	0
198890	aletha.simonis	3
197391	cheyannz	3
195997	candadi	3
195317	manlgk	3
195437	bertram_toy	3
196281	magg	3
197012	alvena.glover	3
198840	geovany_swaniawski	3
196340	elda.boehm	0
197158	hbk	3
197328	kris.hilpert	3
199572	geovanqa	0
197915	astrjh	0
196151	christiaod	3
199578	alvis_hansen	0
197754	vergju	3
197386	rosalzn	0
196712	rodrihu	3
198159	alhw	0
195749	chadrids	0
198020	della_hoppe	0
199450	mason_pacocha	3
196944	trycjf	3
199451	emely.robel	3
197407	stuasv	0
198654	bernaso	3
196491	kamren_crona	3
199338	kamrfw	0
198908	spencer_borer	3
196209	shyann.lindgren	3
199834	stacy_larkin	0
198725	trgp	0
196228	genovewg	3
197658	orlo_nolan	3
196698	bonnjm	3
195635	brenda.moore	0
196770	vinceobr	3
196693	robbjm	3
198582	velma_marks	0
197942	arlene.kiehn	0
199690	kynh	3
199590	citlalli.ferry	3
199211	gardnfy	0
197116	caandre_bartoletti	3
198969	ewame	0
195970	kaitlzw	3
196119	destany_ratke	3
195387	laurends	0
198731	afton_mitchell	0
196873	tavares.predovic	0
198524	bertraow	3
195632	lennjs	3
199644	bill_hills	3
197340	gudrwc	0
196545	kacey.kling	3
199928	lojx	3
198962	dustin.rowe	0
198686	mff	0
195450	arvfu	0
195778	anabfq	3
197897	dashaxu	0
199253	elisabeth_pfeffer	3
196277	alytc	3
198994	isidro_weimann	3
195479	arifq	0
197168	rhianna_schmidt	3
199296	zelnu	3
195149	ari.roberts	0
195006	brenna_dubuque	3
199494	antone_hansen	0
198546	maddispx	0
198653	alfreda.rooc	0
198669	elwyn.dooley	3
195084	roslzw	0
197765	martjy	3
199838	eastgi	3
199597	ellipq	3
198826	zackasz	3
195316	jaedfq	0
195361	jaylin_stoltenberg	0
195616	myles_kuhn	3
197541	shankx	3
199645	isabfv	0
196687	sophia.parker	0
197694	mackenzie.johnston	3
196191	mellie.schiller	3
198995	litn	3
195602	elton_ernser	0
199011	clozq	3
196452	kellji	0
198772	elmose	0
195930	huntfv	0
197492	verlja	0
198583	caterina.stamm	0
195900	jarrod_larkin	3
195644	adrianok	3
197611	jonathon.pouros	3
198263	sterlioq	3
198360	timothy_will	3
199473	milton_ernser	0
195308	pietsv	0
199760	jasper.beatty	3
197188	jabasu	3
196795	chelsjf	0
199313	jalu	0
195715	dylbz	3
198141	dayne_schowalter	0
195561	arch.thiel	3
195176	kiera_mohr	3
196749	eli_legros	3
199958	thaddeus_kovacek	0
197456	jailyn.bednar	0
199666	savanna.will	3
197945	jason_howe	3
197159	luciovw	0
195328	tanzn	3
198816	dianna_zemlak	0
196667	esthfy	3
199265	caleigh.windler	0
195994	vaugix	0
197041	javifw	3
195840	alverta_gerlach	0
199898	ofelia_grady	3
196207	matfr	3
199117	alexandre_davis	3
195211	miracmn	0
196924	immanufw	3
196935	wilmer.yundt	0
199453	dortha_goodwin	3
195208	iscq	3
196577	jordy.gulgowski	0
198253	malinda_nienow	0
195878	elmo_schaden	0
197099	ramoom	0
195539	marlen_wunsch	0
199571	annetta.batz	0
198889	zetta.toz	0
197703	wilox	3
198270	elsa_welch	3
199478	bradfy	3
199514	dorrjq	3
195668	teresa_schinner	0
195165	tad.gleichner	3
197495	addispo	3
195760	karianop	0
198123	ashtzi	0
197675	donpr	3
195881	blanciv	0
197846	stacgg	0
195572	seamwa	3
198998	conner.kiehn	3
198250	lyor	0
198958	laury.schmidt	0
199004	esteban.larkin	0
198378	elvis.connelly	3
198861	tarzp	0
197271	stacgf	0
198076	pedro_walker	3
198247	dandre.macejkovic	0
198922	misafm	0
195231	jany.rutherford	0
198884	lyel	3
196898	ashleigh_adams	3
196455	piog	3
197325	erlioi	3
198833	ignacio_rempel	0
196093	alepg	0
196188	vivienoq	3
199446	marianna.marks	3
197727	albesv	3
197475	keshawa	3
198871	lawson_harber	3
198963	friec	3
199601	oceaoe	0
196249	sabioe	3
197553	julien.hansen	3
195155	tobka	3
197562	bruce_armstrong	3
196715	alec_walker	0
196231	tamasl	3
195791	bebr	3
199480	nimv	3
197918	cristobal_larson	3
195740	bridggd	0
195193	kristophgh	3
198324	edison.pouros	3
198030	nash_labadie	0
197278	abdullbf	0
196664	rock	0
198488	matilfm	3
199229	colleen_king	3
196398	topq	3
199022	rogelkc	0
197487	sanff	3
198392	norvce	3
197243	myrl_bashirian	3
197091	jermaine.goodwin	3
198880	makaylx	0
195278	bradford.windler	3
195257	malljk	3
195543	esmeralda.cummerata	0
199141	tyrell.spencer	3
198858	trinity_ortiz	3
197227	roselmb	3
198824	reubgd	0
195770	allen_walker	0
195752	merljp	0
199303	laurine_heel	3
195425	etha_schamberger	0
196836	jayde_ko	3
199998	madison_schulist	3
196589	carsqa	3
196950	kendamm	3
196261	eduareo	3
198433	zojk	3
196506	crystbw	3
198214	katherine_ullrich	3
196627	giovaoi	3
195030	ricardo.rohan	3
195392	isabelmw	3
199523	jillica	0
197323	julianol	3
196880	laurgx	3
195247	vilma.hayes	0
197212	lennjt	3
195271	elizabeum	3
195167	dave_hackett	3
198920	emkx	0
198509	davon.collier	0
199302	cortney.klocko	0
195094	katlynn_simonis	0
198235	dangenx	3
196805	lenore.bradtke	3
197872	schuylgc	0
196894	theodora.langworth	0
198689	kaet	3
199383	isabelmy	3
198208	trycjg	3
199272	shanfn	0
198457	stuasw	3
199029	oscar_tremblay	0
199825	kasgb	3
196578	stacey.yundt	3
197231	abigayle_padberg	3
196404	madison.daniel	3
197971	darzs	3
195629	oef	3
197049	hailgx	0
199345	jakayla_metz	0
195060	elya_bins	3
196550	anibal_dickens	3
196118	marlin.murray	0
198708	hobart_legros	3
195079	bridi	3
196611	susanog	0
198054	serena_grant	3
197451	maye_kautzer	3
195181	maritf	0
197795	zogd	3
196019	obie.heidenreich	0
195694	isaiah_yundt	3
198967	lila_halvorson	0
195452	sean.dickinson	0
199135	anps	3
199298	keegan.carroll	3
196238	geramp	3
199248	mitchemm	3
197788	spencer_swaniawski	3
195342	aliyah_ziemann	3
196061	evert_little	0
199088	deja_rohan	3
197392	breanpt	0
199857	kristoffs	0
196016	yasmioh	3
195949	agnes.bechtelar	3
195659	roosevemz	0
195286	guadalupe.schinner	0
196635	dejubu	3
197989	gardner_hyatt	3
199413	jayne.treutel	3
198847	joannie_swift	0
196906	naomi.jaskolski	3
198640	marioh	3
198394	stacgh	0
199963	paige.ritchie	0
198862	aniuk	3
197129	shaun.kohler	0
199018	aniul	3
199976	yolanda.spinkb	3
196683	coltfw	3
195550	rrz	3
195968	maximo_prohaska	3
195188	lillie_greenfelder	3
199389	alvis_johnson	3
199695	chauncgc	3
199036	kellhe	0
198026	wendell.cremin	0
199798	abbey_parisian	3
195439	westley_bosco	3
198975	carrie_leuschke	0
198687	alphontx	0
197383	reubgc	0
196070	meghan.goyette	3
197131	keanu.lind	0
195052	howemq	3
195218	magali.towne	3
197689	justfz	3
195675	blaze_yost	0
199125	janea_osinskj	3
198684	burnidf	0
199961	zosh	3
199888	justipi	3
196002	jovany.heathcotf	3
198146	jorge.kerluke	0
198859	noemie.kuhic	0
199257	miracmq	3
196149	conner_gutkowski	3
198596	oswald_satterfield	0
196514	molljd	0
199300	adriana.gleason	0
196521	delmer.jones	0
196082	lolita.mosciski	0
197107	gennaro.roob	0
197841	joshvj	0
196084	jeramie.strosin	3
195394	aubrgy	3
197146	brielmp	3
198095	savannah_steuber	0
196286	lexi_heidenreich	0
197845	josianne.balistreri	0
196653	jaisw	0
198000	bertraov	3
196721	lorena.kautzer	3
195048	cajq	3
197935	kira_frami	3
196788	jarrett_marvin	0
197906	jena_hegmann	3
195989	durward_leffler	0
196012	cynthia.buckridge	3
195908	rolljr	0
198902	bertram.nikolaus	3
197621	kaitlzx	3
197792	cinfa	0
196638	dean_sanford	3
198255	valentina.towne	3
198299	jules_labadie	3
199575	marge.champlin	0
198971	kelley.balistreri	3
196662	mbaz	3
198467	nels_renner	3
197814	ernesto.grimes	3
198530	zelns	0
195696	olen.hagenes	3
195622	broomv	0
198118	erling.thompson	3
198553	nicolette_emard	3
199427	zariz	0
196013	gerardo_roberts	0
196510	wilbert_cormier	3
196292	wiltpq	3
196825	hilario_ferry	0
195069	brofl	0
198769	hailie.price	0
196771	amaom	3
197388	enos_hilll	3
198685	rosalinel	3
197410	erik_terry	3
197576	ignacio.donnelly	0
197241	kenzc	3
198655	bennie_raynor	3
198303	dieia	3
197681	jaypl	3
198587	osbalex	3
199936	jerald_mueller	3
199534	agnes.feeney	3
197274	coltfx	3
195636	destinee_frami	3
198647	nzi	3
197000	tertj	3
198067	justina_fisher	0
196630	sister_skiles	3
197140	verner_flatley	0
196203	thereul	3
195541	jefftc	0
196300	jouv	3
196853	mermk	0
197046	winfiemq	3
196634	manuel.kerluke	0
197634	urigb	0
195774	anajy	3
198086	malaciq	3
197056	cynthia_abernathy	0
196417	hillard_pollich	3
199080	nyasjj	0
198397	breut	0
198782	violfx	0
199882	alvbn	3
198338	dominique.lubowitz	3
197485	daren_beer	0
196087	francesco.senger	3
195653	christopher.romaguera	0
198956	joanie_larson	0
196384	domenica_buckridge	0
199905	adela_deckow	0
199720	kristina_wolf	0
196962	rickgb	3
198505	art_mccullough	3
197844	helen_williamson	3
198429	patricjg	0
199408	tyra.kerluke	0
198069	arthvn	3
198423	chaz.hamill	0
197819	celestiqb	0
198182	marlqf	3
197563	vanfk	3
199138	lorenza.lind	3
199938	ttb	3
198615	matt.goodwin	0
199673	hailgz	0
198228	dampt	3
197786	rosario_eberu	0
198140	karelmi	0
195035	kaylkz	3
196708	kaycee_cormier	3
197214	charljh	0
196021	laney.parisian	0
199519	bobby.ortiz	3
198581	wilfrid.wisoky	3
197975	juwan.kuvalis	3
198003	layoh	0
197802	bropv	3
198950	hettie_howe	0
199754	maritza.powlowski	3
195470	wimq	3
198215	maurice.davis	3
196451	doymo	3
199808	dedric_hackett	3
196908	rosalfh	0
195691	reannx	3
199868	marlee.lynch	3
198747	alytd	3
195241	elsjr	0
199085	noemie.kuhn	3
197308	gilgd	3
197865	rafael_kautzer	0
197359	jamal_beer	0
195126	sadjf	0
199892	gregorio_labadie	3
197164	rosario.romaguera	0
195564	monvw	3
197185	rey.prosacco	3
195502	jaida.eichmano	3
197327	lourdes_brekke	3
196948	bridie_dare	0
195075	tiana_weimann	0
198465	aracely_kautzer	0
198904	tff	3
195356	lenots	3
197794	barpz	0
195277	georgianr	0
196786	everardo_mraz	0
197283	alexys_barton	0
199250	deondsh	0
199352	hollkx	0
199986	mitchemo	3
196867	horace.lebsack	0
195939	antonietta_feil	3
195583	gudrwb	3
199810	norwood.koch	0
198176	eve.anderson	0
198860	jace.klocko	0
195304	amina.kohler	0
198294	goldgc	0
196092	nadia.nader	0
197467	deborbn	0
196821	sarcu	0
199295	michgb	3
195540	wilfrjt	3
195507	pasquamn	3
198759	janbj	0
198537	richjn	3
197617	scotty_carroll	0
195768	wenez	3
196636	gregorio_denesik	0
197952	baby_skiles	3
195821	julius.haley	3
195019	aisha_ward	3
195711	jcv	0
199255	leonie.champlin	3
196235	ima_baumbach	0
198150	skye_mayes	0
199812	abnft	3
197835	emanufl	3
197149	xavier.ledner	3
198032	isabell_sauer	0
199032	taurean.effertz	3
196869	winnifred_pagac	3
197484	jaclzs	0
199038	koti	3
197317	gilge	3
195820	audra.auer	0
197369	aglae.luettgen	3
195005	luther_ullrich	3
198783	gwy	0
197301	scarlett_conn	0
198839	angie_hand	3
197220	triston.gerlach	0
198165	larvo	3
199063	tysh	3
195366	devin_reillz	0
199493	joaquin.barrowt	3
197222	kelljj	3
195719	caspgb	3
195576	edd_champlin	0
195133	oripv	0
198105	cheslgc	3
198300	juliet_ledner	0
195703	carley.hoppe	3
198792	kellen.williamson	3
198361	wilson.kautzer	0
197638	burdette.cruickshank	3
196143	alverta_romaguera	0
197544	gene.adams	3
195763	joelle.gaylord	3
199629	eli_ferry	0
198082	reedy	0
196778	sebastibz	0
199996	constance_nicolas	3
199649	geovanny.huel	3
196005	erwjx	0
196330	shaypk	0
197094	dell_rohan	0
198276	jayne_bednar	3
198786	lonie.kuhic	0
197988	lorine.dickens	0
196868	waiot	3
197258	alwg	3
198591	marlka	3
197827	melya.leffler	3
197434	llewellyn.kaulke	3
199800	eladio_pfannerstill	3
195435	bernardo_stracke	0
199113	keeley.mcglynn	0
198921	tabitha.spinka	0
199871	marina.parker	0
198220	lotl	3
195863	cecimy	0
196196	jacinus	0
195363	marcia.cain	3
198217	savanbt	0
198323	haromo	3
198935	violetuk	0
196617	calisuj	0
198941	peytqc	3
198807	elna.armstrong	0
195735	magf	0
198291	urban.mueller	0
196110	eilefs	3
198289	ralrc	0
199482	mervin_kub	3
198322	karelmj	3
196270	dusty.spences	3
195378	alydn	3
197228	allen_bernhard	3
195966	trevgl	0
199489	laylu	0
198156	annamarie_moriette	3
198455	malcolm_gibson	0
198758	trent.barrows	0
196565	nbw	0
198184	fannjl	3
195533	catharioa	3
196332	foster.waelchi	3
199858	stacgi	3
195705	jaylon_beatty	0
195563	oswalew	0
198779	ben.rath	3
197371	rcn	0
197397	priscilmc	3
195267	odell.leffler	0
195295	joshuah.mohr	3
196165	uy	0
196136	donneml	3
198405	max.quitzon	3
197313	garnett.jenkins	0
197645	margarevy	3
198737	xzavier.mertz	3
196150	kathlzn	0
196884	cheslgb	0
195229	rylee_dubuque	3
196144	haromn	3
199749	adonjx	0
195497	rosalzm	3
199359	osvales	3
198966	litm	0
199343	lilla.langworth	3
197566	delmer.macejkovic	0
196885	margarette.mohr	3
197860	makayla_senger	3
197761	alex_goldner	3
195775	ariel_hackett	3
195323	fanpc	3
195508	floricf	3
196345	nebt	3
196603	fabiola.paucek	0
196526	rebeca.anderson	3
195522	neoma.padberg	0
196206	willasq	0
199379	anabel_ritchie	3
195093	jacquelyn_hermann	0
196598	deanna_feil	3
197896	delbesy	3
199282	ibrahjt	0
196714	conrad_wisozk	3
199463	randal_gislason	0
196450	roxanne_von	0
196060	zoe_franecki	0
195446	vern_mcclure	3
195184	eloise.greenholu	3
195674	maegan.little	3
199384	leonosf	0
195040	yolanda_robel	3
197913	chaya.jones	0
198850	bart.wintheiser	0
196026	kaylah_skiles	0
195547	humberup	3
198571	sidnge	0
195658	ashlgb	3
197973	halle_marks	0
197021	macy_bechtelar	3
197427	darron_crist	0
198418	veronica.jerde	0
198972	wilfosc	3
197980	evjn	0
195261	elody_grimes	0
198225	gino.swift	3
199816	fabibn	0
198071	caitlyn.murray	0
197546	yvonol	3
198486	wava.gulgowski	0
197955	maryse.ebert	0
196457	devzr	3
199730	deshavu	0
199587	kalgo	3
199945	alysha_spencer	0
198881	brigitte.jerde	3
198566	jeanoi	3
195888	alverta_lemke	3
199274	marquitn	3
196045	ernestipj	0
199164	shayna_lowe	3
195723	cathrzp	3
195183	javqa	0
197351	susanoh	0
198765	bruce.heller	0
199631	pereo	0
196560	allft	3
198723	nikki.wiegand	0
198059	chlpi	3
198177	helene_stiedemann	0
198129	candadj	0
198856	jonathbq	0
197618	gail_schaden	0
198081	kiesk	3
199802	ravfo	3
198438	vindh	3
198674	margariul	3
197905	carroll_grant	3
196100	benedief	0
195946	anajz	3
198483	kyler.harvey	3
199643	roberto_berge	0
199729	gerep	3
196459	mooi	0
198065	lucinda_batz	3
196069	huhu	3
198499	ali.hoppe	0
196569	scotuv	3
198710	dixie_bashirian	0
196250	christqb	3
197310	estrella.lang	3
198066	mybr	0
196359	norvcc	0
197413	dawson_schaden	0
196127	camrzt	0
197453	susanoi	3
199513	verna.barton	3
199261	coltpq	3
196396	kelvin.marquardt	0
196543	cecimz	0
198223	lowell.price	0
196072	hobasx	3
198540	oran.howe	0
196171	orlando_zieme	0
199000	rae_parker	3
198431	rudy_aufderhar	3
196036	keshawn_ritchie	3
195056	linei	3
195618	elaina.rice	3
196912	mohammad_wyman	0
196870	laof	3
199807	mayra_bint	3
197979	anderspv	3
196352	benpc	0
198413	elijah.nitzsche	3
196483	joanne.gottlieb	3
196129	wilmft	0
198292	vicente_crona	0
199499	elecui	3
198742	zenz	3
195669	chrisvq	0
196857	landj	3
195876	ludwjm	3
198909	alysig	3
198831	magnoljh	3
199404	frida.schamberger	0
197978	mauep	3
195420	easter_cummerata	3
199596	lestfu	3
195174	leslgj	3
195809	anibal_bruen	3
195422	haven_witting	3
199290	ryleigh_ruecker	3
196057	casimkd	0
197623	cecilia_graham	0
197014	elouise_baumbach	0
195943	margret_roberts	3
199358	taylqj	0
199897	connie.wolf	0
198116	albertha_ritchie	3
195655	vesta_hettinger	0
197018	estelle.rowe	0
199439	raphael_leuschke	0
196849	miles.armstrong	0
197962	casge	0
195088	bettye.legros	0
198232	edison.jenkins	0
198075	devon.braun	0
198943	eljan	3
199586	xavift	0
198717	kailyn_armstrong	0
197608	willku	3
196383	noemy.wolff	0
195834	rick.fisher	0
197726	marlen_goodwin	0
195999	jangg	3
196745	hubert_mitchell	3
196105	simepr	3
197494	juvenal_gutmann	0
197922	adrian_sporer	3
196226	mitchfo	0
199327	chajq	0
196702	morris_price	0
197423	pierre.harber	3
198726	lesv	3
199775	shanon.sanford	3
198019	joelmk	3
197263	sarcv	0
198134	amerifk	0
198484	fregc	0
195918	samson_macejkovic	0
195041	lrx	3
197486	lautj	3
195249	je_langworth	0
195960	aniyah.stark	0
198342	danial_ebert	0
196637	barrett_roberts	3
197718	jaypm	3
198796	favian.swift	3
199975	elei	0
195624	monidg	0
197445	marielle_bores	3
198877	bernares	3
195430	louvenia_homenick	3
197928	pabmr	3
199680	adeline_gleason	3
199965	zelek	0
196792	adrign	0
197426	bulce	0
198305	jerald.hoeger	0
196252	weston_daugherty	3
199254	jedidibs	3
197443	elva_lubowitz	3
197745	general.witting	0
195415	mose_howe	3
195969	vella_ledner	0
196997	delbert_metz	0
196415	dina.lindgren	3
196428	topr	0
198011	edgar.predovic	0
195065	blbaf	0
197534	vena.okuneva	0
196501	edwasn	3
197756	leen	3
199942	rowk	3
196309	sabina.daugherty	0
195796	giles.auer	3
195932	awi	3
199556	hettjm	3
196864	sherwopt	3
197927	cathariob	0
196706	ronpd	3
195901	quentjn	3
199831	deontbi	0
197409	fredff	3
198280	fredrick_kihn	3
198266	akefv	3
195321	cate	3
195761	lesly.mcclure	3
196588	herbert.von	0
199090	madalyn.dooley	3
195139	mermj	3
195319	samanui	3
199733	wilmer_breitenberg	0
197729	myrna_botsford	3
198577	jay.kemmer	3
195458	magdaleny	3
198851	kane_paucek	0
196080	uok	3
196537	svgo	0
199878	khalku	3
198038	kalgn	0
197778	lilla.bauch	3
198252	chce	3
195138	elwe	0
199658	marcellvz	0
199791	onjl	3
199240	adaline_bogan	3
199289	rowi	0
197798	zaria_kihn	0
196257	eugene_gutmann	3
197974	esk	0
196534	otiljk	3
195709	maximo.casper	3
196405	jermey.bernier	0
199424	jalen_yundt	3
199484	josianne.spinka	0
195523	edwardo.windler	3
197180	melyoe	0
196399	franciseh	3
199709	kiley.hansen	3
196155	oswaldo.jaskolski	3
199471	eleh	3
195875	olaf_considine	3
198309	jarrgi	3
195555	hildegard_lehner	3
196983	damps	3
198682	jules_heaney	3
195329	viwm	3
197807	lacy.klocko	3
195537	christiaoc	0
195313	lane.nicolas	3
198254	isabel.auer	0
197712	lenpq	0
197357	waino.schiller	0
195864	shirlge	3
197808	lorioq	3
197013	laury_strosin	3
196614	mckenod	3
198046	mekhi.schadeo	0
196866	trinive	3
199604	jackjj	0
199429	exi	3
197121	addison_schiller	3
195795	marisa_weimann	3
197100	mbbc	0
197647	zane.gleason	3
199362	yasmjt	3
195460	gus_pfannerstill	0
198915	rahsabr	0
198151	justvy	3
199297	jeycy	0
199014	awm	3
198345	gino.mante	0
197259	tommie.zieme	3
195612	milford.mante	3
198411	eastpu	0
196975	ricky_kling	3
199582	derek.conroy	3
196927	mattji	0
198701	marlin_mccullough	0
198104	ottjv	3
199980	laylv	3
195971	desmoof	3
199156	elytx	0
198513	armand.moen	3
196366	abbgl	0
196508	daphof	3
196608	rogelio_hamill	0
197684	chelsie.glover	3
199283	dasia_cormier	3
195266	graham.nitzsche	0
195395	milgh	3
197698	laron.koch	3
199689	tabitik	0
196941	korey.mcglynn	3
197530	emie_kuhn	3
195224	hirbj	3
195782	alexandrine_ankunding	0
199691	euna_kuhn	3
195841	audie.borer	0
199498	jordzt	3
198022	rugt	3
197257	reom	3
198658	edwioh	0
195967	anje	3
199044	rowg	3
199412	clifton.gaylord	3
196859	martina.hyatt	0
199696	carrjl	3
196140	felix.herman	3
198039	glenda_effertz	0
196937	thea.schmidt	3
196343	moribo	0
198946	aidfn	3
195993	aleen.von	3
198981	maverick.fritsch	3
196360	keaton_toy	3
197543	novelmn	0
195275	myrtidi	3
196429	frieda_sanford	3
195349	joana_balistreri	3
195754	addispn	0
197810	alexis.mohr	0
199698	trinity_lindgren	3
199856	bertraox	0
196408	roie.hansen	0
198308	zaria_klocko	3
197452	harlft	3
199028	rosalioi	3
197367	delilbr	0
199714	liam_lindgren	3
196370	ernesto_wolf	3
199837	jerti	3
198404	izabelmg	0
196153	dave_macgyver	3
199999	awo	3
196801	berenidi	0
199039	micbi	3
198733	julibs	0
195373	jackeline_ziemann	3
196612	preciovz	3
198055	amelia.quitzon	0
198743	miles_powlowski	0
197733	prudendq	0
197253	maudjq	3
199727	jazmjt	0
196031	laisha_davis	0
198307	frieb	0
197716	neha_oconnell	0
196700	maybelmj	3
196842	uriga	0
198735	cedridw	3
197948	felirj	0
195646	haylgf	3
195580	dominjv	3
195147	linnea_vonrueden	0
198171	vaugiy	0
198369	willis_schultz	3
197957	beau.greenholt	3
197575	trevpy	0
196602	ahmad_kozey	0
198331	skm	3
196564	erwjy	3
195725	schuyler.anderson	3
195164	reba_prosacco	0
195833	janea.schinner	3
196449	yasmeen_ko	0
196542	marcelipe	3
199682	serena.sauer	0
199835	keven.nienow	0
198714	portft	0
196282	reggie_rosenbaum	0
199124	jonathpw	3
196055	elide	0
197470	demarcvx	0
199954	hiram_keeling	0
196321	rosamoos	0
198683	glen_kiehn	3
197776	lydia_abernathy	0
195281	blanca_schmitt	0
196732	otho.prosacco	3
196735	abraham_wiegand	0
196152	virginia.gulgowski	3
199058	janis_baumbach	0
196878	kendaml	3
199071	peuh	3
198757	cordell_vonruedeo	0
196276	vada_waelchi	3
195601	jeramy.wiza	0
197820	ricardo_kuhn	3
195746	kenniul	0
199444	jeropa	3
197751	lindsey_boehm	0
199925	kellen_dooley	3
197002	alvesf	3
195651	darzr	0
198879	virginie.witting	0
196524	kenzb	0
196736	aqk	3
196942	viwn	3
197619	edwaso	3
198673	montaoi	0
195310	kave	0
198612	cheyenne.wiza	3
195845	greta_hettinger	3
195518	jargb	0
197692	danny_hermann	3
197417	kasey_littlf	0
199121	reubge	3
199370	kirstin.ko	3
199474	jan.crooks	3
198762	rylee_bashirian	3
196247	jadyn.okeefe	3
196652	kavon_lang	0
199880	gwz	0
195958	elidd	3
199648	rowj	0
198691	rsd	3
195589	kamron_robel	0
199627	tianol	3
198186	natalkn	0
195018	dax_yundt	0
196649	mohammed_bode	3
198739	demario.vandervort	0
197843	tommjl	0
196354	haleigh.grant	0
197800	abbigail.mccullough	0
197348	walker.rau	3
197715	zackery_bogan	3
196979	sandrine_vonrueden	3
195014	marian.mano	0
196066	leosg	0
199911	oleui	0
197144	cleosi	3
196509	mfc	3
197646	clara_vandervort	0
195101	margrgc	0
195357	ana_feeney	3
197446	christopio	0
196648	hildegard.ruel	3
197592	angelipv	3
198148	lelia.borer	3
196024	jaylpm	3
197613	eladio.adams	0
196620	teie_zemlak	3
197419	jannjj	0
195003	bpac	0
197636	erica_jones	3
195260	sebastian.wiza	3
197873	gregg.lang	0
199132	giovanni_bartoletti	3
199420	melyna_moriette	3
196213	ahmad_bins	3
196973	viola_bode	3
197747	emkv	0
198047	horado	0
199845	reuq	3
199579	johnnjt	0
198495	libbjr	3
199667	marlkb	3
197735	edwkb	3
197674	joanjc	0
195365	caandra.kling	3
195717	anika_moen	3
198555	enrico_wehner	3
197401	josefiom	0
198382	gregory_hudson	0
196586	kamilmi	3
199565	keaton_grant	3
195940	paolo.beatty	3
199957	osbaley	0
198380	stephpx	3
198519	jeramie.jones	0
198206	dallin_hartmann	0
199912	lillian_fadel	0
195419	bridjn	0
197781	jamespx	0
199349	fostgh	0
198730	laurine.thompson	3
196336	annaliti	3
197626	jarrpi	0
196748	lauriane_kunze	0
195527	kaleigh_bernhard	0
196599	cordell_purdy	3
199828	freedx	3
195660	bradford_upton	3
197189	alisps	0
197483	meredith.feeney	3
196325	samir.cummings	0
198955	jack.cartwright	0
195190	jaycfm	3
196402	sydom	3
199084	loniz	3
197048	eddie_klein	0
199332	jamarcus_fritsch	3
197117	jeidv	3
199616	robetc	3
197265	jensen.schoen	0
199462	mbbf	3
197803	hestfx	3
195485	haylee_blick	3
198631	abbey.flatley	3
199710	miousk	0
197057	clemeqe	3
198667	giovanrf	0
197964	nelda_torp	3
199157	anaka	0
195813	rosetul	3
199095	alan.ritchie	0
196313	melitp	3
199447	mckenzjk	0
195219	sawe	0
199432	orga	3
195049	keyon_ward	0
197768	isaicp	3
195884	isabelle_wunsch	0
198288	palma.erdman	3
198927	sadye.hackett	0
197187	myrtis.graham	0
195911	heaven_schiller	3
195020	bethany_stoltenberg	0
198381	dortjq	3
197682	rodrick_mraz	3
199006	lucienos	3
197459	lelah_lakin	3
197998	pearl_murazik	3
197083	braxton_schimmel	3
195263	rolando_spencer	0
195483	petra_pfeffer	3
196809	loliud	3
199573	simool	3
196123	katlynn_renner	0
199804	ambrose_baumbach	0
195557	libdd	3
196535	demz	0
197101	annambd	0
195348	merle.wyman	3
199561	tyspn	0
199670	rco	0
195623	geovanpy	3
195115	haylje	0
196576	dolly_kovacek	0
198601	leila_runte	3
195137	felicity_muller	0
198301	brepd	0
196816	josibv	3
195634	gladzw	3
199826	joelmm	0
196185	wyman.lebsack	0
198965	emmanufv	3
197714	jesvp	0
195464	ravr	0
197854	marispp	3
196470	ezekiel_wisoky	3
195880	jamlk	3
196175	freeman.pagac	3
198284	jermaioh	0
199923	bonnie.green	0
199799	karolaou	0
196618	gayml	3
198189	loydl	0
199943	alexandro_nicolas	0
198780	turngi	3
196218	mg	0
199560	estebbv	0
196681	randy_mclaughlin	3
197507	preciowa	0
197019	julihf	0
197065	erneub	3
195405	olbk	3
195886	ivory_keebler	3
195923	hadley.greenfelder	3
198209	jalt	0
199288	johnnjs	3
196595	gerarfa	3
197717	raven.kirlin	0
196628	raymundo_schimmel	0
197628	justice_flatley	3
199751	wilfosd	3
195827	feliri	3
197639	angelica.schulist	3
198422	ellie.farrell	3
195704	jaing	3
195386	danieme	0
198556	constandl	0
198996	rosemary_feil	3
195957	devanuk	0
195552	liliane_heathcote	3
195544	lusi	0
196494	jaron_erdman	0
196711	libde	0
196017	nedsg	3
198218	ariel.berge	3
198442	clair_howe	3
199364	maxwemt	0
195108	linej	0
195021	nemx	0
195032	marques_grant	0
199246	linnfo	3
196784	mylene_abshire	3
198317	jarrf	3
195456	sylvia.crooks	3
196879	ruby_schamberger	3
198613	adonis.sipes	0
197468	sharps	3
195566	lurline.vonrueden	0
195409	gianol	3
199284	dylan.purdy	0
195226	rosalioh	3
196926	ephrajt	3
199405	laverpa	0
198949	deshavt	3
199700	georgianoe	3
198009	cheyanne.miller	3
197408	jacey_kutch	3
195559	clinton_quigley	3
199222	abe_volkman	0
197700	nora_macejkovic	3
198058	jennifgg	0
198942	walkfs	0
199552	lauriane.dickinson	3
197068	aryanof	3
195792	kapl	3
197931	mae_stiedemann	3
197205	gacr	3
199854	ariane_hartmann	3
196400	nannjo	3
199245	jamhk	0
197062	germbt	3
199830	krystel.lebsack	0
199991	kavpw	3
195573	hanna_bailey	3
196414	katelyol	0
198900	anzh	3
199633	aracenx	0
198985	margot.powlowski	3
198132	fatima.waelchi	3
199486	susie.sawayn	0
195251	angel.hickle	3
196828	antonietta_wuckert	0
195158	gertrufa	3
199748	myrna.roob	3
195412	grant_balistreri	3
199910	bentpm	3
195598	caden_mitchell	0
196377	leonora.bogisich	0
198594	nicola_ruel	3
199007	alisa.kovacek	3
196004	delpia	0
197113	objs	0
195007	eulaljc	0
195449	koth	3
196658	keatpm	3
199162	gregorkk	0
198139	michebr	3
197430	vicenvd	3
197589	rogeta	3
196919	shaqm	3
196079	felicia_zieme	0
195713	alexkn	3
195063	aunts	3
198983	brody_krajcik	3
199510	winfiemr	0
199107	retta_gottlieb	0
195769	crystfn	3
198460	glennie_grimes	3
198501	reggie_rogahn	0
198944	geo.little	3
198407	arlie_aufderhar	0
197856	briana.wilderman	0
198174	finn_mayert	0
198269	germaiog	3
197554	guiew	0
197223	juaof	3
199106	shavu	3
199931	bailgp	3
199051	modesvu	0
198695	judhg	0
198419	jaied	3
196338	luigi_hintz	0
195625	eunidj	3
196724	helene.fadel	0
196096	wilfrid_dickens	3
196014	ixk	3
196707	jerooz	0
198521	della.ko	3
196132	caromf	0
199646	ailefk	3
196347	akefu	3
199293	evereuw	0
195645	tillmbq	3
199031	osi	3
196076	nieo	0
197047	barpy	0
198216	brooke_carter	3
197247	jett_walsi	0
199130	madelzz	3
195031	rosaljg	0
197881	caifj	0
195642	selina_denesik	0
199237	sariom	3
198968	jaydon_hintz	3
196211	laron_mcdermott	3
198634	weston.dubuque	0
198200	charlotte.hillm	3
197813	hortense_gleichner	0
199973	alaon	3
199967	letik	0
197883	darien_casper	3
199367	vincent.strosin	3
198906	jaqueline.padberg	0
197092	billjx	3
196533	reygd	0
199953	helhf	0
195326	nash.schowalter	0
197574	renfl	3
196820	fabian.cole	3
199476	paige_fay	3
196290	herbetd	3
199409	wilbutg	3
198409	covq	3
196928	jennie_renner	3
199311	guido_ruel	3
199435	heauk	3
196441	elmosc	3
195451	breanna.mclaughlin	0
196920	kaylee_mohr	0
197184	leonose	0
196965	chestfo	3
198374	jordi_rosenbaum	3
196978	efk	3
199773	nedsk	3
197602	jerpl	3
197032	marcelnl	3
199668	foster_gleichner	0
199866	austin.carter	3
195335	maureen_hoppe	0
197885	lemqo	0
195765	estemj	3
197379	patridn	0
195779	gennaro.koelpin	0
197564	asia_mckenzie	3
197609	nicony	0
199207	lauretua	0
196554	loyce_will	0
199580	federidq	0
199611	cristobbr	3
199416	retha.ferry	0
196312	melito	0
197425	dominjy	0
196640	gabe.bayer	3
199449	abby.schulist	3
195824	branih	0
197282	makenzie_lindgren	0
196422	ciasb	3
196454	ayme	3
195758	virginie.huel	0
197624	maximilljv	3
197078	myrtie.klein	0
198130	kory_luettgen	3
198610	nakia.jenkins	3
198319	cesca	3
199115	nedsj	3
197133	saige.yost	3
198103	hectqb	0
198592	ferne_zieme	0
196966	palnd	3
197852	armanel	0
197420	alcv	3
197151	jacynthe.lemke	3
198347	angene	0
197143	benton_rolfson	3
197591	rafael.daugherty	0
199859	erzl	3
198017	maurice.rath	0
199624	orlo.bode	0
195890	bernadine.okeefe	0
196889	ottilie.erdman	3
195697	emmanuelmn	3
197631	amerifi	0
199129	gielle.collins	0
196856	madjd	0
198885	terrill.powlowskj	3
196547	isaico	0
195028	ryan_oconner	3
196192	jamhi	3
195071	leel	3
198823	samantha_kuhlman	3
199186	hermiog	0
199225	humberto_schultz	3
198158	kevon.mcclurf	3
197210	jerrod_ziemann	0
196955	lemufw	3
195296	jojb	0
199324	oran.nikolaus	3
198406	gabe_kuhn	0
199983	orpha.willms	3
197499	brfz	3
198264	donavb	0
197431	houstqa	3
199340	nestqf	3
198699	tyrel.langosh	0
196137	adeline_schmeler	3
198137	lucie.corwin	0
199900	marvm	0
198119	telnm	0
195512	lotj	3
197834	magdalena_moen	3
195085	adaliol	0
195355	ethfx	0
197578	lexie_mayer	0
195929	kyljo	3
199276	jamispx	0
195962	kacfz	0
198341	carmenq	0
198164	cordks	0
197811	connor.stanton	0
196233	bianlc	3
196037	serena.grant	3
196581	odie_heel	0
195455	gfo	3
195571	aaron.hoppe	0
196350	bertraot	3
197260	dolnh	0
198808	osborne.jacobson	0
196830	dashawn.bradtke	0
198993	paihi	3
195368	otis.hand	0
198155	efl	0
197509	mariog	0
195631	shaylee.abernathy	3
195836	neha_pollich	0
198751	skyla.lockman	3
195383	janea.zboncak	0
199468	jason_toy	0
199172	rosalioj	3
197034	lorenz_daugherty	3
195059	baylee.funk	0
195922	jebx	3
198340	louvenje	0
199171	pinkjj	3
195072	jammie.wiegand	3
195513	ashtzh	3
197525	sienna.bartoletti	3
195416	richie.orn	0
196049	keara.gusikowski	3
195082	crystal.bartell	0
199538	granville_heller	0
198430	rhett.hirthe	3
199198	dorothy_stokes	3
196496	tyra_brown	3
195338	rhianna.braun	3
196050	mason.murazik	0
199776	sibyl.schumm	3
195172	ignacio_strosio	3
198190	mbbe	0
198240	tyrique.cummerata	0
197523	bridggf	0
199163	demario_rutherford	0
199865	tiersm	0
199855	walkft	3
196747	haskell.frami	3
197537	ignacio_brekke	0
195973	abbgk	3
195051	nanp	3
197524	mittje	0
195525	rafaela.hackett	0
195877	stanfosh	3
197738	elmosd	3
196460	nathanael_ward	0
199356	aurelio.smitham	0
196746	loreobj	3
197605	otkr	0
197374	aliycb	0
198844	green.reichert	3
197373	augustioi	3
198678	bernadine.gottlieb	0
198602	florian.kiehn	0
196047	clare_effertz	3
197398	lenpp	3
198395	francisco.jerde	0
195577	vivienop	0
196170	sonia_okeefe	0
195797	johnnjr	0
195442	stewart_hirthe	0
197064	kattie.heidenreich	0
198050	aunta_gaylord	3
198183	lucienor	0
198016	leilaoj	3
196475	dco	0
195016	mekhi_walter	3
195080	axfq	0
196969	micheal.daugherty	3
197612	cyril.hudson	0
198512	dennka	0
198578	efrajy	0
196530	richie.hickle	0
197052	loriop	3
196337	thomas_mitchell	0
198335	audreanog	0
196065	joel.kaulke	3
198722	raymonz	0
198230	stefanie_schaefer	0
197908	waylqa	3
195895	earnetw	0
197746	ebcc	0
195262	mireilmg	0
198201	jammie_gerhold	3
196678	domenifm	3
198048	myrtmg	0
195157	arturo_huels	0
199778	llozr	3
197003	myrtice.spinka	3
198373	mittjf	0
196333	caitlyn_okeefe	3
198458	carole_lowe	3
195786	goldgb	0
199264	corrine_terry	3
199541	awn	0
199094	alepi	0
197341	haskell_walker	0
199634	demarcus.gleason	3
195234	jennifgd	3
198736	jackeline.thiel	3
199956	milo_bahringer	3
197588	vincenza_rohan	0
198547	osborne_schmidt	0
198666	manlgl	3
196481	rhiannpp	0
197651	jettie_gleason	3
195935	aiyana_sauer	0
195678	adolqp	0
195683	chaya.buckridge	3
196837	earnest_witting	0
197496	okey.koelpin	3
195477	justzu	3
196406	carmgw	3
197378	holmv	3
197669	raheem.zulauf	3
197570	veronica_kilback	3
199917	marjorie_rempel	0
195162	jasen_mraz	3
198359	francjx	3
197122	madilyn_balistreri	0
196982	terence_torphy	3
198781	margarette.cartwright	0
195331	julivs	0
195798	vandp	0
198867	emiliapc	3
195944	piersf	3
198227	leland_daniel	3
196923	arleoi	3
197015	gabe_turner	3
198639	janae_damore	3
195538	inga	0
197166	harold_ullrich	0
199070	sienou	3
196051	jettie_raynor	3
197428	emiliapb	3
197028	aveta	0
197864	alysha.moore	0
198371	shembv	0
197198	laury.stracke	3
198391	crawfoso	0
196987	ervin_bednar	0
199982	theodora_lowe	3
199209	thhb	0
199718	darrhm	0
195140	mariela.hauck	0
196525	allie.carter	0
196826	jackmab	0
197599	sydnje	0
198777	elvlc	3
195721	jovanny.kuphal	0
199173	miles_corwin	0
196164	shaql	0
196812	marcella.yost	0
196752	edd.hermiston	0
198837	dianna.paucek	0
199347	leonqd	3
197280	branik	0
196677	nadia.hansen	3
199876	elvie_baumbach	3
199214	einbs	0
198049	waso	3
195109	vince_kuvalis	0
195509	garrett.boehm	0
198810	nelljr	3
196773	petsn	0
195070	sigmuoh	0
195953	antoniol	3
198538	malachi_bayer	3
196468	carmelmc	0
197944	harmon.reilly	0
196511	cleve_connelly	0
198005	amazl	3
196177	morrjq	3
195290	jillian_windler	0
199879	ocie_lynch	3
198843	jerod.hackett	3
196269	devzq	0
195334	enid_oconnell	3
198813	norma_lebsack	0
195359	vinceox	3
199021	joan.upton	0
196741	darren_blick	0
197267	eliza_okuneva	3
196615	yoshiko.dare	0
195688	kris_waters	0
197402	genesis.parisian	0
199145	albervr	3
197481	kuth	0
197016	kayla_lindgren	3
197474	jermaine_leuschke	3
198357	thaddeus_schultz	3
198318	alyspo	0
196447	romaine.kuhic	3
199046	thaljh	0
198585	vergjv	0
195607	annabelle_funk	0
196691	xzavify	0
197889	korgk	0
198536	alysa_schmitt	0
196655	destinhc	3
195698	raphaelle_carroll	3
195182	greyspu	0
199677	alleop	3
196302	cathrine_kerluke	3
199320	august.bahringer	0
198712	tyrell.larson	3
196904	flozs	3
198588	ronaldo_bednar	0
196268	haskell_oconnell	0
199390	phylljv	3
199581	caleihm	3
198580	frederidu	3
197708	keish	3
199890	jovanpf	0
195873	tyriqvj	3
198085	ethzp	0
196893	daphne_hillt	0
199472	orna	3
198178	arianoc	0
195608	bette.green	3
196194	marcjj	0
195471	omer_mante	3
198311	vita_feeney	3
199862	daija_rosenbaum	3
197232	dorian_kozey	0
197322	jairo_davit	0
199346	eliza.adamt	3
198599	jaedfr	3
198629	rebekbu	3
199392	wiloy	0
197547	angeline_ritchie	0
199840	brennan_howe	3
199087	sandriob	0
198593	moises_tremblaz	0
195639	frankjo	0
196768	ignativp	0
197687	arnaldo_ziemann	3
198375	ray.boyer	3
196271	otis.johnston	3
199047	hubetb	0
196993	treoo	3
195750	noeoj	3
196230	nybn	3
199915	kira.wisozk	3
198043	florida_doyle	0
196193	cedridu	3
197235	darrhl	0
199127	monty_schaden	0
199589	jedediah.hudson	0
197797	luna.jast	3
197142	margret.king	0
196435	rugr	0
196126	elsie.kunze	3
195954	marcelino_effertz	0
198888	hosfd	3
195910	charley.breitenberg	0
199012	laveroz	3
195039	greta_grady	3
199027	patience_sipes	3
196981	adolphwe	3
198035	madisyn.bergstrom	3
195293	natalie.walter	0
197262	kathryoa	0
195315	shakira_bergstrom	3
196489	otho.wyman	0
199488	christellz	0
196957	rudg	0
196583	terry_okuneva	3
196385	victoria_vonrueden	3
199815	vada_ohara	0
199626	loroq	3
196694	naonp	0
197335	shanqv	0
195515	anna.shanahan	0
197069	stooo	3
198999	willow_kaulke	0
197737	kory.schmidt	0
195831	joan_rice	3
196423	lemm	3
198568	finn.crist	3
199787	sarion	0
196390	raphaelmd	0
198940	rhe	3
196555	deanoh	0
196674	tyra.gerlach	3
198351	dawspv	3
196448	marianna_mitchell	3
198166	lucie.muller	3
197528	garland_carroll	3
198852	lafayetuk	3
197972	jennifgf	3
196376	filibervd	3
197088	josianor	0
197362	celiol	3
196361	floie.bailey	0
195105	christelle_ritchif	0
195427	leonjb	3
198191	renee_mueller	0
198632	nebu	0
198774	davon_lebsack	0
195273	michelle.keler	3
198584	ulises_weinat	3
199818	alison.williamson	0
199594	brayan_powlowski	3
195264	chesley.ondricka	3
199188	jaspgj	3
197337	bertrcd	3
199184	tracey_hauck	3
199458	arjun.hettinger	3
198450	dominhu	0
199033	eulalia_friesen	0
195491	rosioi	0
198798	oripw	3
195353	webster.stoltenberg	3
197288	lambetc	3
196740	walker.halvorson	3
199008	colton_howell	0
196976	mozemz	0
199060	skyla.schmeler	0
199819	heath_swaniawski	0
199884	meaghan.mann	0
195362	onjk	0
196961	josephiol	0
198671	olbl	0
199922	alvbo	0
195116	chet_sawayn	3
197076	lisetuh	0
197824	orlaon	0
198788	corrine.hansen	3
199637	lon.hagenes	3
197858	efren.erdman	3
196199	neomy	0
195912	lina.frami	0
197848	maeve.stiedemann	3
199262	crystbx	3
198233	nico.greenholt	3
198251	delpic	0
197399	marlee.batz	3
196227	elisa.wolff	3
197376	madyspz	3
197103	thbh	0
197831	isidsw	3
197464	wilber_greenfelder	0
195582	majpz	0
197134	adolph_mayer	0
197911	cara.cremin	0
198456	fnb	3
197455	tre_mraz	0
196216	connor_weber	0
199294	monroe.jacobs	3
196217	samjt	3
196154	valentine.lockman	0
195170	isidsu	3
197569	vinceobs	3
199887	beloa	0
197840	emmanuelle.balistreri	3
199978	kim_hudson	3
195120	alford.pfeffer	0
198245	helga.blanda	0
199331	pascale.dickinson	0
198642	mayra_torphy	3
197403	rolando_boyle	0
197823	marilou_bergnaum	0
197991	kody_jacobs	3
197583	jermga	0
195114	novy	3
197156	tyretn	3
199148	hardy.nikolaus	0
197033	carlgp	3
197573	jazmyoj	0
196273	connor.tremblay	3
199548	amelia_schulisu	0
197001	moniqvs	0
196179	fidel.beahan	0
196490	keith.hermiston	3
199583	conrbi	3
196726	mbba	3
199305	billy_runolfsdottir	0
198525	maximilljw	3
196883	jamll	3
199496	tomas_kaulke	0
198992	tyshawn_legros	0
196604	reynold_hudson	3
195521	lwl	0
195879	audreanne_wiza	3
195473	german.steuber	3
196851	arlene_lind	0
196109	pascamv	0
199715	allbv	0
198508	grover_collins	3
197555	emmy.prohaska	0
197750	deanoi	3
195489	ruell.ryan	3
196806	creola_kuhn	3
198271	ferne.runte	0
199227	jaiden.kub	3
198763	raiol	3
199661	doea	0
197059	saul_heel	3
196212	twiml	0
195662	idelmk	0
196141	kaylhf	3
197730	tremayne_lynch	3
198753	darwjq	3
199299	maggjq	0
196619	hardy.smith	3
197273	virginie.langworth	3
199126	aurelli	0
198913	hardy.hermann	0
195536	kariane_rempel	3
196845	mckenoe	3
195454	trinivd	3
196320	jada_barrows	0
198410	carmenr	3
195202	kasandsf	3
195941	edwina_bernhard	0
197894	kara_schulist	0
196656	andreanne_lehner	0
199062	vella_crist	0
199500	palnf	3
195501	deangelo_gislason	0
199968	derpy	0
196295	anabelmg	0
197165	vernfv	3
197917	donny_metz	3
197869	adrien.rempel	0
196431	esmeraldy	3
197350	jarrgh	3
196546	damifp	0
199351	mabfy	3
196071	jaeden.steuber	0
199016	nbx	3
198804	lydia_pouros	3
199433	esl	3
199528	ailefj	3
199167	fausto.ko	0
195027	bernhasl	0
197987	arrj	0
199509	clior	0
198704	lindsey.padberg	0
199506	alja	0
196344	suzanog	3
195626	pablo_mertz	3
195837	hayley_stroman	0
195982	ashtpt	0
198866	deanoj	3
199948	patrido	3
197067	melisa_toy	0
196738	marjorie_ritchie	3
199924	pierdl	0
197201	kaylbp	3
199970	gillibq	3
199335	linnie_langworth	3
196527	awj	3
199622	tiffany_gutkowski	3
196059	emelko	3
195047	owfw	0
197289	bonnie_kuvalis	0
196972	eastgh	3
198732	libbie_kris	0
198448	seleom	3
199089	ariel_okuneva	0
198463	idemu	3
196495	greyspv	0
195340	brendan.adams	3
196777	retid	3
199205	co	3
198277	marvin.powlowski	0
196086	cruz_berge	0
197893	hipolito.spinka	0
195424	andreanok	0
197779	jordon.douglas	0
199388	sharpt	3
199403	pansy_harvey	3
197538	durwasn	3
196186	mylene.rau	0
199852	mbbg	3
195569	atheoo	0
199434	kenna_littel	0
197833	jacinto_wintheiser	3
195983	kaleihs	0
198627	christophgc	0
197027	tianok	0
198096	logan_crist	3
199326	felicivg	0
197866	audjf	3
195258	wilfrfl	0
197279	nellie.langworth	3
199933	ebba.thiem	3
195615	rodolfo_grant	3
198387	erwin.murphz	3
198268	fernanfi	3
199304	gust.auer	0
199103	dwight.yundt	3
198090	cleve.donnelly	3
196293	lkk	3
198533	johaol	3
195611	demetrkh	3
195948	garridk	0
195529	abbgj	0
197595	myrtki	0
195788	benton_kihn	3
197135	arnomo	3
195528	lilliana_kutch	3
198439	jamespy	0
195803	madalyn.beatty	3
198267	tyrese.armstrong	3
198408	brandzn	3
198349	danika_rolfson	0
197505	derick.gibson	3
198897	adeoc	3
195046	graciemd	0
195799	shawn.mohr	3
195432	seleok	3
197958	gacs	0
199190	lelah_heathcote	3
195325	nicholaus_howe	3
198015	dalton_sipes	0
198790	zacharibi	3
196601	valentipe	0
196696	flpx	3
197650	gregc	0
198127	wilhelmine.abernathy	3
197360	rylbp	0
196660	aleen.bergnaum	3
198887	frederic_moore	3
195751	colin.powlowski	0
198738	demetris.windler	3
195254	emmet_wintheiser	0
199694	amparo_schiller	0
199595	gaetaon	0
196223	astrid.murphy	3
198258	hollkw	0
195517	lourdes_king	3
197642	theodotn	0
198320	mh	3
197098	ranfh	3
197577	durwaso	3
199334	leopomq	0
196591	silbo	3
198398	cliffosm	3
195045	jamel.kihn	3
195037	lydia.hamill	0
198550	hanna.purdy	0
197163	hadlgq	0
199204	abigail.schultz	0
195283	braox	3
198477	broxm	3
196971	adam_donnelly	3
198149	fred.jakubowski	3
195150	henderspr	3
197418	myah.dooley	3
197818	vicenve	3
197671	emmy.ruecker	0
197298	isabella_wilkinson	3
198088	jarrell_lynch	0
197713	eleonore.bashirian	3
198754	cecile.goyette	3
199322	edgbw	3
196605	stephania_stracke	0
198031	fregb	3
195729	camerpk	0
198928	zacharibj	0
195811	randal.mckenzie	3
197782	louvenia_bosco	0
197004	nfk	3
198393	ansel_jakubowski	3
198498	flavkk	3
196204	dariana.herzog	3
198417	kyra_marquardu	3
199725	amioe	0
198797	juliana_roberts	0
199292	ashleigh_conroy	0
196305	frederidt	3
196392	jacyntiq	3
198523	reyof	0
197662	marlon.ryan	3
199035	owg	0
198506	oral_hilpert	3
198635	genoveva.ledner	3
196607	nobw	0
199619	emow	0
195832	keshavz	3
199454	delorfv	0
197104	lizeth_pfannerstill	0
198399	carmen.weber	3
199064	orion.wunsch	3
196704	rogelio.hackett	0
199576	moriah_stark	3
195745	dianoi	3
196499	dashawn_marks	3
195381	hilton.cronb	0
197173	tiersl	3
195339	katrina_boyle	0
195670	cooper_lakin	3
197660	rogers_braun	0
199325	adonis.ernser	3
196234	erica.dicki	0
197655	israel.littel	3
195933	asa_nitzsche	3
197743	taryn_hills	3
195794	rsb	3
195753	jargc	3
197635	tristibw	0
197697	tobin.quitzon	3
196283	jasmjw	3
197921	paoms	0
196011	jackeline_daniel	0
195637	henri_schoeo	0
198787	andrhi	3
199187	kadfz	3
196731	trentpo	3
196774	karljf	3
199495	hildegasb	0
199242	urigd	3
195402	kirstfo	3
199422	luihs	0
196010	elijbx	0
196764	hymbj	0
198061	joanph	0
195490	alanog	3
198912	devon.harber	0
195152	della_bergnaum	0
197859	miguga	0
196205	teagby	0
197529	samsps	0
198402	kianop	3
196120	samanuk	0
196304	guy.price	3
198573	asha.thompson	3
196684	aniuj	0
196729	andreanne_ruecker	3
196219	sarah.kertzmann	3
196208	velnp	0
198147	jeob	0
198142	chet_welch	3
198932	lavonoj	0
198575	marlqg	3
198101	citlalmq	3
197970	francisei	3
195324	theodora.murphy	3
195718	vergjt	0
199133	trenton_haley	3
199279	madie.cummerata	3
199116	jennyfer.okuneva	0
198608	annabell.kaulke	3
199591	shanelms	0
196125	gina_zieme	3
195739	abagail_herzog	0
196113	mariarh	0
196018	shankv	3
197542	aiyana.stroman	0
198590	emou	0
195474	raleiho	3
195869	brittany.brekke	0
198187	lauryn.lehner	0
195584	janet_berge	3
195298	jerrold_mckenzie	3
195408	idemt	3
195253	iscr	0
199577	santos.lemke	0
198616	myron.corkery	0
199737	javonte_howell	0
199112	olga_white	3
197412	trycia_cruickshank	0
195236	mittie_kemmer	3
196946	jamir.roob	0
197120	roxaok	3
197226	edwiog	0
197565	aletio	0
196772	darremq	3
195327	arrh	3
198343	avery.beatty	0
196844	marcqe	0
196727	jaylon.little	0
199885	meggie.swaniawski	0
195481	noe.blanda	3
199197	karl.anderson	3
195011	green_gutmann	0
196169	brendfz	3
196782	macjo	0
199491	samir_bartoletti	3
198713	shakira.sporer	3
195733	kasga	3
199521	xzavier_moore	3
198493	yasmefr	3
197200	joannie_wilkinson	0
198160	henri.wyman	0
196424	abigaymi	3
197949	enqb	0
198470	monserraub	3
198316	eleanote	3
196146	ophelia.braun	3
196436	maiek	3
199093	rachael.konopelski	0
199989	aditzj	0
195963	dustkc	3
196466	junius_rogahn	0
195337	josega	3
199708	pby	0
197469	wava_emard	3
198042	freda.rice	3
195382	stephankm	0
196339	bilnm	0
199108	dejon_treutel	3
195061	delphine.schaden	3
195825	anjali.harvey	0
198437	jacinthe.hickle	3
197550	karolaot	3
197901	shemar_muller	0
198896	bryon_stamm	0
196074	deangemw	3
195098	rigoberuu	0
198290	joshua_feest	3
198569	vernice.schmidt	3
199763	riew	0
195142	abigamb	3
198173	damarjy	0
199941	gerta	3
195846	christophe_kertzmann	3
195351	hollis.medhurst	0
199964	jaylpn	3
199357	matt_prohaska	3
197616	rigoberto_bradtke	3
198620	tracy_corwin	0
198891	cornell_simonis	3
199570	deangelo.fahey	0
199400	davon.steuber	0
196538	daisib	3
196824	freida.braun	3
199372	turner.kirlin	3
199984	hpac	3
195681	jcu	0
198693	meggja	0
198334	torey_toy	3
197912	myrtie_green	3
197175	joshua.davis	0
198197	elisabeuz	3
196091	golden_bosco	3
196910	shayna_mertz	3
199042	edmond.hodkiewicz	0
198554	phoecp	3
196846	evcb	3
195143	bransps	0
196480	nellie_sipes	0
196739	braybw	0
198029	cordkr	0
199863	quentin_bins	3
198532	else_goldner	0
198819	wiltpr	0
195083	darcx	0
198976	jillian_corwin	3
195423	mfa	0
198917	emkw	0
198510	lucca	3
197679	clemmie_weimann	3
197693	carson_jacobson	3
198068	dawn.paucek	3
195591	lekd	0
195921	leiml	0
195850	zojj	0
196331	savanah_dach	0
197804	erniz	0
195034	scpx	0
196895	neju	3
197433	katheryn_barton	0
196500	isobfx	0
199777	arlene_fritsch	3
196860	jamabt	0
199786	luigi.okon	3
196374	josiane.morar	0
199213	aubrgz	0
196187	hadlgp	0
197527	tremaine.hand	3
198815	cortfz	0
197439	alanoh	3
197137	glen.lemke	3
198006	maewr	3
199608	georgianod	3
199146	laurie.raynor	3
196229	francesca_predovic	3
196357	addz	3
197031	marvin.becker	3
198572	minnie.considine	3
197870	adrienok	0
195592	allen_witting	0
199271	gerarfb	0
199742	aniybp	3
197500	candido.dubuquf	0
199987	maveridr	3
199761	gillibp	3
195376	lacey.thiel	0
199853	rhoda.casper	3
195925	hilton.kutch	3
199861	garfield.wiza	0
195245	angelo_baumbach	3
196220	yasmjs	3
195270	monserrby	3
198937	holly.conroy	3
197706	donamg	3
195942	elnora_hegmann	0
198265	ramiro_jones	3
197026	emmiuu	3
198491	chanel_rempel	3
198099	jensen_bogan	3
196915	lavon.kihn	0
198648	earnestine_hills	0
198829	erwjz	3
196502	lowemp	0
199185	coraljj	3
199218	rigoberuw	0
195285	mauriol	0
196027	cathy.pfannerstill	0
199820	kapm	0
199617	cecelia_gislason	3
197891	ellis.morar	0
198586	vernps	0
199524	joaquin.trantow	0
195882	javifv	3
197153	madelyn_grant	0
198926	haby	3
198771	manlgm	0
197240	jayfl	0
198196	katrina_reynolds	0
198021	hilng	0
197155	marlene.barton	0
196504	rod_kaulke	0
197058	corriom	3
199974	justipj	3
196539	bridgetui	3
197347	marlon_reichert	0
196734	manff	3
199053	frands	0
198091	kristophgi	3
197447	cecjp	0
198333	jordqb	3
195835	angelidm	3
197415	german.spencer	3
198112	rachelmf	3
198625	jean_konopelski	3
198905	ethan.pollich	0
196381	trgo	0
198817	jermey_kling	0
199001	reuben.graham	0
199401	skn	0
195090	estelle_jerde	3
198485	telly.jones	0
198329	holmw	0
199150	ingd	3
195883	kaley.farrell	0
199048	luelma	3
196876	percy.spinka	3
195738	kamren_harvey	3
196641	orrin.ernser	0
196006	kennefr	3
199653	gideon_dare	0
195411	prince.romaguera	3
199052	jargf	3
196394	kirstfp	0
196852	jaqy	3
199323	ansley.feeney	0
196783	veroi	3
195868	alwf	3
196382	raven_funk	0
198541	awl	3
199652	alanjt	3
199139	neal.davis	0
199663	aaliybn	3
198924	reggie_mills	3
198094	jeraoj	3
198199	miracmp	0
195643	nadia_ko	0
199309	sibyl_rutherford	3
196239	arnulfo.ullrich	0
199256	ali_schimmel	0
198560	bennjo	0
198400	anais.roberts	0
199966	garth_emard	0
196279	simone.mohr	3
195699	daniela.rogahn	0
195496	jaydqa	0
195565	asa_effertz	3
197900	arvilla_hauck	3
195091	aaliybm	3
195154	philka	3
199152	laury_huels	3
198734	ruthie.kuphal	3
197540	ahmed_lemke	0
196675	amerifh	3
199469	roy.cormier	0
197580	adea	0
195113	christop.torphz	3
195238	jevon.gaylord	3
195610	elqa	3
196865	shawn.murphy	3
198012	cristicd	0
196364	aliya.ziemann	3
195965	jasper.maggio	3
196420	cliffosl	3
196843	quentjp	3
195426	katherine_reilly	0
197039	majqa	3
196954	nicholavq	0
199020	seliod	0
197161	dejubv	3
198665	matfs	3
195606	caesar_jakubowski	3
199034	kadkn	3
195652	jaznab	3
197780	mafalen	3
196531	luis_parker	3
197709	bernadine.erdman	0
199375	zoe.kerluke	3
198125	pierdk	3
195736	prudendp	3
197785	concepcion.walsh	3
198870	autunw	3
196411	mathilde.hoeger	0
199962	eriberus	0
198188	elmisg	0
195397	eveline_nienow	0
199823	zacharibk	3
199475	zena_farrell	3
198238	audrgb	0
195192	terremw	0
199533	stephankn	0
195086	cordell.lind	0
199721	jedidiah.franecki	3
198229	sariol	3
196028	shaxu	0
197755	neva_koch	0
198452	lkm	3
195871	zacharibh	0
197219	viwo	3
196802	amya_miller	3
198663	ari_terry	0
198716	elaiox	0
196754	taniz	0
195466	sariok	3
197449	monvx	3
199734	michamg	0
199699	malinda_mcdermott	0
199606	otto.gottlieb	3
198526	dewitt.king	3
196872	pameml	0
196819	robervw	3
198198	katlynn_gottlieb	3
198863	charleot	3
197119	palne	0
197294	theresiq	3
198670	myrna.tromp	0
197968	wiley_luettgen	3
199074	adolph.harvey	0
197123	laney_mclaughlin	0
199055	vinnie_anderson	3
199701	jojc	0
196138	katheryn.johnt	3
196841	gennasz	0
196590	jermajo	0
197610	deborah.morar	0
199895	ethelzf	3
199082	teagca	3
197296	emilkr	0
196159	drake.cremin	3
199280	raymond.tromp	0
199096	carley.kovacek	3
199394	josiane.berge	3
196378	hiltps	0
195013	lela_ruel	3
196162	rafaela_muller	0
195874	petfv	0
199676	amelia.bradtke	3
198986	adriaok	3
197984	darpp	3
196242	naono	0
199647	aen	3
195903	jaisv	0
199178	meggjb	0
196933	macie_ullrich	3
198496	jarrpj	3
198282	derfd	3
197181	greyson.oconnell	0
198231	haqb	3
195640	dextgb	0
195175	everaret	0
195596	clementina_price	0
196901	carlie.gulgowski	3
198945	jayljr	0
198534	marian_reichem	3
197886	tate_prohaska	3
196848	florine.hettinger	0
196814	leem	3
195793	amiza	3
196793	nikitx	0
197460	shanqw	3
199849	madaline.runolfon	3
195177	mauricx	3
198062	cortez_waelchi	0
197435	ines.gulgowski	3
198679	ethelyn_herman	3
195301	london.bogan	3
198466	leatib	3
199228	eliaol	0
198947	theodore_boehm	0
199640	abbey.langosh	3
195904	kale.murphy	3
198718	isabelmx	3
197584	iliana_upton	0
196380	jaydon_hirthe	0
197579	bianld	3
195617	samanuj	0
199716	alta.hartmann	0
198939	blaise.leffler	3
198367	collefv	0
196744	sonia_runolfsdottir	0
197752	lamoph	3
199651	panue	3
195401	demarco.kunze	3
198907	maggie.harris	3
198960	frfo	3
196172	garland.kulas	0
195648	derpw	0
198518	melia_simonis	3
195807	chcd	0
199832	tad_waelchi	3
197995	henrietuh	3
197535	viviane.jaskolski	0
196639	marlin_thiel	0
199382	twimm	3
197878	robzt	3
198952	abdigc	0
197097	otkq	3
197753	kyler_balistreri	3
199703	carmens	3
195160	anabelmf	3
195475	ashlga	3
199797	nettjh	3
197668	kasey_greenfelder	0
199947	lekf	3
197429	nathanael_torphy	3
196728	monrpo	0
196949	dawn_rempel	3
197127	gerald.shanahan	3
195865	izaiah_waters	3
196882	nedsi	3
198680	wymbl	0
195816	courtngb	0
199402	adaliom	3
197268	anna.hilpert	3
199195	jackmad	3
195560	gladyce_luettgen	0
199239	kylgv	3
199550	miltpv	3
196558	gerarz	3
198370	cathrzq	0
197215	riev	0
197079	ardiug	0
195848	laurence.ullrich	3
198549	cheyenoj	3
197011	alejandrin_muller	0
198589	luqo	3
196267	asia.wiegand	3
198403	dolni	3
196156	elbetc	0
195621	amatw	0
196716	lou.haley	0
197863	santipi	0
195279	isai_damore	3
199926	jeffry_erdmao	0
195132	nichomf	3
198598	jamlm	3
198396	alexis_lesch	3
197114	lkl	0
196606	jerry_batz	0
198728	stanton.cole	3
195663	cheyenoh	3
198624	sibyl.borer	0
196532	milton.berge	0
195203	herminkw	3
197342	lavonoi	0
196112	emerspt	0
198898	julianom	3
197414	rey_casper	3
199610	ceasar.wilderman	0
196085	noe_dicki	3
196938	velma_wuckert	0
196909	kay_smitham	3
199774	vaugiz	0
196224	alejandrjx	0
198475	jerome.doyle	0
199889	edgar.zieme	0
198114	kennith_donnelly	0
195360	dusvg	3
196095	amkm	0
199308	margret_larson	0
195233	tiasn	0
199114	eldrfg	3
197759	lelah.kilback	3
197832	caterioe	3
195367	ampasp	0
198544	camylle.torp	3
196368	madelynn.schowalter	0
196007	elnora.vonrueden	0
197192	pattie_pacocha	0
197519	kameron.gaylord	0
196651	carlos_fritsch	0
198362	cleve_lebsack	3
197704	xzavier.smithan	0
196548	rosaljh	0
195613	juliaos	0
198153	jerrod.macgyver	3
199448	madaline.kutch	3
199944	agnes.mcglynn	3
195771	leone_hettinger	0
198918	hershel_heidenreicj	0
198567	dimitsh	0
197648	cicero_rice	0
195291	chauncgb	3
195476	lenna.hills	3
198352	hal.lockman	0
199075	ernja	0
196871	boniuk	0
195526	leonaret	0
195390	chelsje	3
197705	jameson_greenholt	0
197877	lea_conroy	0
197111	uz	3
198559	mollie_littel	0
196513	lucius_bogan	0
195907	jamarcvo	3
197744	leke	3
197711	misty_kuhn	0
195064	virginld	3
195428	eriga	3
198936	katlzj	3
199441	pavy	3
198953	lillica	3
195505	lorop	0
195197	kasandse	0
195682	rosella.botsford	3
198089	raymony	3
196311	marvk	3
196672	jabast	0
197074	celiok	3
198644	rusvh	0
198552	lukbz	0
198557	magdalfs	3
197828	nickolcc	0
197174	alljn	0
197787	woodrqa	3
198497	cory_schimmel	3
195465	lacgg	0
199119	freda.hermao	3
198106	clint.kozey	0
198535	horacjy	0
199490	prinep	0
198894	chad_mcdermott	0
198175	muhammbi	3
196379	sigmuoi	3
196310	cynthjh	0
198236	henderson_berge	3
198273	brett.von	0
199850	emmett.mccullough	0
197806	rosemati	0
199784	otho_grimes	0
199267	jaydon.denesik	3
198987	sheridan_mayert	3
199547	ursume	0
196478	dorothfe	0
198657	monserrat.hyatt	0
199174	margarevz	3
198641	linda.champlin	0
196245	lane.dooley	3
199553	stephfy	3
196445	twila_cormier	0
196462	santiaht	0
199217	destinhd	3
195345	tyshawn.crona	0
198636	hans_ratke	3
197789	miod	3
198795	henderson.schuster	0
199203	luther.brekke	3
196790	nims	0
199410	bria_harber	0
195605	pearljv	3
199397	erin.borer	0
197363	else.cartwright	3
195931	veronica.rodriguez	3
195243	hayley_steuber	0
198421	judhf	0
196346	lou_okeefe	0
198724	greg.volkman	3
199827	don.fisher	3
195558	nedra.swaniawski	0
198480	terremx	3
197513	blalc	3
195179	emmeus	3
196237	amber_wiza	0
198279	abelardo.zboncak	0
195893	gregorio.gutkowski	3
197965	kaes	0
199793	jarrg	3
199452	alyson_walsi	3
195587	gastpr	0
197511	darpo	3
198576	prido	0
198835	wellington.jenkins	3
198473	frederla	0
199753	abdullbg	3
198822	deluk	0
198219	kaitlzy	0
198384	giovani.wiza	3
197902	gregoth	3
197677	bridgette_wunsch	3
197853	osvaldo_streich	0
199757	murl.pfeffer	3
198564	goldgd	0
196103	peyton.vandervort	3
195619	dariaor	0
196761	kailyn_stark	0
195801	carlotuk	0
199759	wasq	3
199442	mohammad_mcdermott	3
196259	nosj	0
195822	maxie.murazik	3
199166	noemjh	3
195826	dejubt	0
195332	nikolbn	3
196131	noah_vonrueden	3
195766	maribfm	3
197666	dortha_muller	3
197685	aidfm	0
198428	eileen.rutherford	0
199564	polne	3
199635	clemeqf	3
199353	sherwopu	0
195099	frederkz	3
199542	sabrioh	0
197465	trisha.hilpert	0
199236	lucile.shanahan	0
199193	ambfv	0
196260	laurendt	0
195776	lucas_blick	0
197406	warrga	3
196609	donpq	0
195742	bailee_wilkinson	3
197387	pabmq	3
198446	brigituf	0
196881	marc_torp	3
199846	auguuf	3
196709	doymp	0
199875	delfion	0
199745	arturo_kaulke	0
196182	robb.monahan	3
195169	bvp	0
196984	meredith_simonis	3
197630	braeden.schaefer	3
199160	ro.jones	3
196020	cecelia.walsh	0
197333	reginald_king	3
195068	louitl	0
196661	nicole_bruen	0
196437	marcelo_cartwright	0
198195	cond	3
197105	foretu	3
199169	micaemf	3
198283	abrahbs	3
195186	carolipb	0
195998	tommie.hoppe	3
199104	sallie_adams	3
199013	damian_padberg	3
195463	morton.braun	3
199794	tillmbt	3
196397	willis.kaulke	3
197338	erzk	3
199697	arlene.stark	3
197933	allene.huel	3
198694	angelipw	3
197899	hailey_keebles	3
198565	domenifo	0
196133	catalina.larson	0
196671	edytil	0
197203	aniya_blick	3
198517	ramooo	3
196903	elmd	3
196081	mbay	3
196318	je_kuphal	3
197024	canx	3
197758	sydnie_conroy	3
199224	grayson_hammes	0
199672	derridq	3
196440	coriok	0
198542	lane_weimann	0
198489	danika_quitzon	3
199805	daniella.oconner	3
198563	marcelina.cartwright	3
196886	travpo	0
197568	nofq	0
199258	milton.von	3
197506	jayfm	0
199134	danielnx	0
195716	waltpy	3
198239	matteo_heidenreich	3
198363	clifford_franecki	0
198037	bernarer	0
198977	henri_sanford	3
196579	frederik.beier	3
196669	priscilmb	0
198778	boyd.hackett	3
197202	torgh	3
199210	rosalinem	0
199010	carley_homenick	3
198834	vernice.beier	3
197847	octavjh	3
199161	kelljk	3
198979	monique.armstrong	3
198056	cristal_robel	0
195026	christophe_hamill	0
197855	archibald_crona	3
197581	cleveland_towne	0
198385	aida.renner	0
195414	mariah.carroll	0
198617	caspgc	3
196158	shembt	3
196986	garngj	0
199030	olljk	0
196314	brennon_haag	3
196409	madelynn_bednar	3
195336	waios	0
196967	lowell_barrows	0
196556	keith.moen	0
198959	rey_mcclure	3
195391	cali_raynor	3
195240	luql	0
199877	candice.breitenberg	0
196032	arch.klocko	3
199743	chaz.bashirian	0
196372	sbw	3
197291	rashbk	3
196680	herminkx	0
199615	marcvp	0
195487	justfy	0
196147	marielml	0
198793	aiyaok	3
199927	clozr	3
199719	graydd	0
196183	kallie.mitchell	0
195399	ludie.hamill	3
199713	kisx	0
199131	katariol	3
198605	morgbp	3
195524	nilr	3
198449	grfm	0
197463	larjh	0
195311	emiliano_auer	0
199073	dawi	3
199005	kenyon.rohan	0
198846	sibzz	3
197493	jedediah_king	0
195579	belle.jenkins	0
197531	antwan.veum	3
197194	mioc	3
198008	shanizm	0
198692	verdie.ruel	0
196905	amir_zulauf	3
199330	maridz	3
197020	suzanoh	3
196067	johnpavo	0
197075	cartga	0
197256	delilbq	3
195008	mertje	3
198529	lilliaoj	0
197936	brudf	3
196134	deborbm	3
198237	howard.bergnaum	3
199037	leland.roberts	0
195312	ruthe_casper	3
199249	freeman.okon	3
196810	gage.hegmann	0
198522	marietuj	3
198044	shayne_fahey	3
197850	johathan.hegmann	3
199223	jimmy.fadel	0
197207	flpz	0
198749	mylene_muller	0
199179	jeanne_crist	3
197916	odemu	0
198244	kaelzq	3
198614	jacynthe_dach	0
197285	raymundo_legros	3
198595	estemk	0
198784	dale_schmitt	3
196430	callie.schumm	0
195478	tta	3
196575	kenyatta.streich	0
196030	gabrielnw	0
199518	terrandl	3
199909	leta_greenfelder	0
199231	hudson.batz	3
197218	conpk	3
198358	iscs	0
195899	hershfx	0
198083	jainh	3
199374	fritz.weinat	3
197702	elmisf	0
199584	adele.grimes	3
195844	brenei	3
197909	astrjg	0
198193	chaeh	0
198249	katelynn.yundt	3
196256	madeliob	0
198500	geraldine_heathcote	0
198727	maximilian.johns	3
197888	edwin.roob	3
199886	jertj	0
198427	noe.gislason	3
196673	horadm	3
197596	morgbo	3
195805	westpu	3
199605	katelyn.herman	3
196918	giovanre	0
195991	laisim	3
197045	orch	3
199771	haven_stokes	0
199355	shembw	3
195207	chadridr	3
199136	murpje	0
196334	kavf	3
198741	urigc	3
199040	exh	3
199457	helen.langworth	0
198646	marta_bernhard	0
196461	lenpo	3
197082	rubfr	3
199077	meghcc	0
195117	reioc	3
199396	sibyl.donnelly	0
195707	ingb	0
196913	carok	3
197982	joshvk	3
197533	daniella_kling	0
199414	liliapj	0
196128	jaime.pacocha	0
199525	camrzw	0
196022	jarrevd	3
195961	luciml	3
199069	narcitt	3
195762	mfb	3
199598	vincent_kunze	3
199142	mortimer.ohara	3
196335	darlene.wunsch	0
197809	aurelie_senger	0
197990	dulce_tremblay	3
198337	quintpp	3
199243	evelyn.hand	0
198903	dominjz	3
199159	amizb	3
195213	lamont_cremin	0
195111	simeon.rutherford	0
195702	rey.runte	0
197539	theodotm	0
195672	priscilla_larson	3
197466	miltpu	3
196723	david.tromp	3
196964	marcia_kilbacl	3
195823	newtpk	3
195406	mathew.wolf	0
196083	blanda	3
196659	huleh	3
199385	jerbr	3
196039	cesar_mraz	0
199674	myrtidj	0
199269	alfreda.price	3
196977	sandsk	3
195975	vito.fay	0
197233	breanna.monahan	3
195023	deie_waelchi	3
195122	donna_douglas	3
195250	olen_hills	0
196463	bennett_raynor	3
197300	wawc	0
199618	martine_glover	0
195269	osborne_marvin	3
199607	clovis.goldnet	0
198606	quinten_donnelly	3
196914	nathanael.king	0
198185	nicolette_morar	0
195732	eloiuo	0
198729	alexys.haag	3
196780	lilyan.witting	0
195073	aglae_stroman	0
197769	vernon_ebert	0
197315	caleihl	0
196236	layne.gutkowski	0
195747	tatvn	3
196559	cesar.ryan	3
199009	verdji	3
199301	maveridq	3
196834	iva_dickens	0
199182	gujo	0
197837	jennifge	0
197659	kyler_skiles	3
197171	rodridw	3
198690	giles.oberbrunner	3
198211	zady	0
197884	angfv	3
198248	florence.gleichner	3
195228	ezequifp	3
196541	myrpw	0
197305	elidf	3
198364	alexandrfc	0
199732	jennifgh	3
196840	lacy.ratke	0
199893	israel.hane	3
196719	keenan.gusikowski	3
197874	perti	0
199977	kendra_kreiger	3
199746	maews	0
196474	lewkf	0
199492	sylvester_lowe	0
197141	gagz	0
195650	jaunita.klocko	0
195444	enola.kuhic	3
199656	kelsie.heel	0
198764	barqa	3
197209	rogelkb	3
196670	agnes.oberbrunner	0
199796	bebs	3
196650	cleo.durgan	0
195800	gustave_cremin	0
196813	elna.cruickshank	0
197006	rogers_hayes	3
196107	maximilian_reilly	0
197585	aaron_frami	0
197054	janea.harris	0
197842	mafaleo	0
198070	margariuk	3
196111	rick.kub	0
198961	ampq	0
197784	theresia.flatley	3
198133	manley.roob	3
197887	jules.volkman	3
197640	rene_bernier	3
195128	fazf	0
197191	ellipp	3
197246	marlqe	3
197030	eveline.stokes	0
198637	freddie.johns	0
199273	hilbesw	0
199971	fipb	0
199421	rhea.labadie	3
198989	gaylosa	3
196540	ingc	0
198259	hipoliut	0
197221	laura_rodriguez	3
196043	felicity.johnstoo	3
196278	felton.thiel	3
198874	badi	0
199600	jaypn	3
198611	april.eichmann	0
197663	kirsten.nitzsche	0
198001	lawrendo	0
199098	coty_kshlerin	0
198675	ellious	3
199641	mollie_trantow	0
195777	kacfy	3
195480	neha.gorczany	0
199883	trinivf	3
195434	thaddevv	0
195972	evereuu	0
195066	micah.marks	3
196817	newenc	3
196718	adriaoj	0
198703	bailee_luettgen	3
198479	edwin_bradtke	0
195248	emilie_altenwerth	0
198649	cordkt	0
199317	tonfy	0
197454	hilef	0
199275	gabrifr	3
195578	elizabeth_goldner	3
197197	xandfu	3
197276	garrick.hyatu	0
195492	lauti	3
196690	leapd	0
196369	jocelzi	0
197321	lavesr	0
198426	gunnca	3
197172	mckenna.mayert	0
196705	myrtis_gibson	3
195808	rodrick_trantow	3
196666	natalia_hane	3
196258	sigmund_ullrich	0
197954	kyle_toy	0
195036	dudley_lockmao	3
197343	kory.thompsoo	0
197320	eliezfy	3
198415	beruk	0
195570	bertha_baumbach	3
198662	lojw	0
199425	borki	3
195829	damarjx	3
197661	pearljw	3
199406	mollie.witting	0
198007	maurice_oreilly	0
197690	oscbl	3
199687	emmett.moen	0
198172	brbt	3
196781	janet.kautzer	3
196497	ayla.leannon	0
196733	teie_metz	3
195689	dagmbt	3
199111	helmer.carter	0
195667	sigusq	3
196467	telly_dibbert	0
196689	richmond_ziemann	3
198562	caromg	0
197377	linwood_yundt	0
198474	devon_beatty	0
196766	zosg	3
196056	verdjh	0
196307	braeden_halvorson	3
195545	fanpd	0
199455	victorji	3
198286	edward.bogisich	3
195173	manlgj	3
196751	morgbn	3
196943	erlo	3
199920	hoyt.macejkovic	0
195734	dominjw	3
198773	marvl	3
195092	william_mueller	3
197345	haleigh.zboncak	0
196823	austyn.bednar	3
197411	kenyatty	0
198492	mimo	3
197110	hallie.bogisich	0
196287	skye_mayer	0
199329	esteban.waelchi	3
196222	brielmn	3
195981	rhoda.quigley	0
197919	joapv	0
198476	idell.osinski	3
198643	aleph	0
197622	porter_sanford	3
196068	zelnr	3
195062	leilaoi	0
196596	abraham.brekke	0
198973	serenity_lesch	0
198720	nicholbx	3
195987	danuh	0
199200	davpn	3
198800	myrtis.reichel	3
197557	ibrahjr	3
196316	opheljm	0
199628	rebedc	0
196755	okey.streich	3
198180	turngh	3
198832	ricmg	0
195244	ellis_pfeffer	3
199585	lazasy	0
195726	frega	0
196676	enrico.grimes	3
197741	owen.oconner	3
198893	opcg	3
195915	lourdes_wisozk	0
199278	dedrick.ferry	3
199216	jerad.hermann	0
197732	pietro_abshire	0
198638	florida.reichel	3
195417	rodolfo_wiegand	3
199711	erwka	0
198821	jahq	0
196557	yadisg	3
198672	kentpv	0
195322	ladarivw	3
197722	horacio.hodkiewicz	0
195302	andsc	0
196756	mbbb	0
195299	roger.harvey	0
198818	herbete	3
198656	dewayne_quigley	3
197255	quinel	0
197985	blanca.walsh	3
196088	teagbx	0
195050	annette.von	3
197043	constantkd	3
196794	kelnr	3
198242	benedict_lynch	3
196351	noe_huels	3
196202	mariah.ratke	3
196939	bernareq	3
196473	mallie_keebler	0
197772	mytl	3
198330	roberta.mueller	0
196956	rozella_koepp	0
198848	emioc	0
197437	douglas.daniel	3
195567	gladys.monahan	3
199215	peui	0
196285	ormz	0
196798	horadn	3
198162	misafl	0
195025	toy_runolfsdottir	3
199993	ollie_botsford	3
199481	felicivh	0
196356	joan.cronin	3
196582	johnson_stroman	3
195255	rashawn_emard	3
195686	judd.bailey	3
197182	marian.zulauf	0
198827	camrzv	3
199568	komg	3
195400	deby	0
195916	ana.paucek	3
195462	alexander.gutkowski	3
195235	lonpp	0
197009	eldrff	0
198260	lyos	3
199803	aletip	3
196594	susie_west	3
198886	paris_jaskolski	0
199232	riuh	0
196750	dwigiz	0
197644	drgc	3
196990	dfa	0
196173	misafk	3
197250	lavesq	0
196210	dodz	3
196157	adelbetc	3
199545	mazie_cremin	3
197686	susjj	3
198853	juanitw	0
198372	jefferfr	3
199613	kristin_marvin	3
195215	austfm	0
197879	valentipf	3
197657	komf	0
195614	akeft	3
199546	isabel.howe	3
199244	devjo	3
196584	warrfz	3
199316	emov	0
196326	chesley_sauer	0
195380	omfq	3
197719	coralji	0
198436	emmfx	0
195488	sierrw	0
197224	lupe_bradtke	0
198745	ruthie.ankunding	3
195671	fi	0
197961	myleoi	3
199376	melany.reinger	3
195389	charlie_farrell	0
199726	leopoldo_purdy	0
199241	zelnt	0
199959	enos.macejkovic	3
197914	camylle_murazik	0
198651	ana_torphy	0
197805	haie.beer	3
198241	kevjp	0
197261	paytpu	0
195104	tyriqvi	0
196358	bernjj	3
198469	matilfl	0
197303	edythe_tromp	3
199393	tate.bergnaum	3
199785	crystby	3
196633	josvu	3
195756	ottis.hartmann	3
199065	charity_quitzon	0
198830	piper.deckow	0
199333	thomas_kirlin	3
195951	antoniok	3
198746	don_shanahan	3
199189	brypz	0
195268	elton_ebert	3
198078	mathew_bauch	0
199779	jamln	3
199201	marielle.bode	0
198060	mbbd	3
197087	ashleigh.oberbrunner	3
196980	mytk	0
195819	clifton_lubowitz	0
197211	hulei	0
197346	fritz_renner	0
197723	xandfv	3
195985	janelle_lockman	0
195461	aarpr	0
196443	cristopher.wisozk	0
195161	bradlgd	3
199755	clawb	0
197277	michamf	3
199235	sarina.champlin	0
195168	generbx	0
198901	gage.treutel	0
198376	omasq	0
197941	peter.huels	3
195585	laury_wolff	3
197150	kelly_kilback	0
197992	earnestine.williamson	0
199872	margarewa	3
197497	hulej	3
197766	margret_hansen	0
198256	stevjm	3
195346	reagan_hand	0
197290	domenifn	3
199824	virginia_altenwerth	0
197306	minnjj	0
198441	presley_watsica	0
197637	ethbq	0
196003	magamg	3
199535	serenity.hansen	0
199813	theo_swift	0
196322	janet_rodriguez	0
197372	elvlb	3
195180	rubie.hermann	0
195210	frandr	0
198355	deie_thiem	0
198205	kiana_hyatt	3
197319	dalljt	0
195647	heloitn	3
198243	annamarie.nicolas	3
198440	vernfw	0
198820	kevgc	3
196253	clarjo	3
196566	nybo	3
196243	rowlaoi	3
197993	enos_goodwin	0
195012	ruell.denesik	3
196015	lonie_botsford	0
195217	aylin_bahringer	0
197981	edgardo_ohara	0
198507	jaspgi	0
195950	jereoh	3
195986	emmfv	3
198454	kaandsc	3
196485	arnold_johnston	3
196365	abbjn	0
199019	darlene.schneider	3
197368	sigrid_parker	0
195722	sybmb	3
198938	kailhi	0
197625	alvbm	0
195657	rsa	3
199041	travpp	0
195892	magnvy	3
198767	rebekah_osinski	3
195976	matt.nienow	0
196272	victor_fahey	0
199110	junivu	3
195227	dulce.bayer	0
195676	margarevv	0
196763	shad_lakin	0
197239	helga.hudson	3
197688	edmoog	0
198131	koldi	0
198074	solqb	0
199181	emelkp	0
198623	ena_hoeger	3
197152	hildegard.turner	3
195649	geovanpz	0
196796	mariuao	0
197081	loyce.dickens	0
198315	marge.bosco	0
196625	friedrich.ortiz	3
198098	daphog	0
199995	jefftd	0
196686	madaliod	3
197643	glorjh	0
199712	devpz	0
195992	jarvkd	0
198045	clarjp	0
197385	kalgm	3
199377	emanuel.ullrich	0
198224	susan.lesch	0
198079	carol_herman	0
195964	alea	0
196998	aliciz	3
196139	jaypk	0
195853	michelle.waters	3
195468	zelej	0
198025	leonasl	0
195370	lora.beer	3
199206	amatx	3
197176	larry.breitenberg	0
196737	virginia_frami	0
198377	tomatq	3
198696	stephapn	3
197673	rupesu	0
195872	orlanfa	0
199659	kaylbq	0
199321	verdz	0
199655	kristicd	0
196829	joy.harvez	3
197929	reup	0
197457	antonina_runte	0
199233	jabari_wiegand	3
195369	alfredo_boehm	3
195554	roberto.swaniawski	3
198014	fermin_cain	3
197126	maynasg	3
199692	percival_johns	0
197665	luisa.daniel	3
195129	robzs	3
199380	aliviy	0
199165	salvadpn	3
195350	beaulah.lindgren	0
195493	maximilibr	0
195720	chelsie.fritsch	3
199061	hans.mccullough	3
195551	zackary.fahey	3
196838	luqm	3
197649	stanford_konopelski	3
195024	devzp	0
198221	maryjane_lesch	0
195265	marion.bergstrom	0
197010	kisw	3
196176	haydfs	0
195009	bilnl	0
196274	mckenna_boscp	0
196009	jayce.morar	0
199076	justyn.wolff	3
197304	lemuel_vonrueden	3
197432	israel_legros	0
199937	bh	0
195314	trycia.collins	3
196544	amaljj	3
196959	elta_huels	3
199864	lurlion	3
195889	danibo	0
198121	merml	0
197179	orfz	3
199756	sid.heller	3
199588	caden.witting	3
198740	merediui	3
198194	bailgo	0
198842	rodger.jacobson	3
199369	haley_schoen	3
198312	clyen	3
196831	waylpy	0
197691	emenc	0
198645	aiyana.gislason	0
196033	lorenza_kris	0
196922	marlqd	3
196323	dante_collier	0
198298	eugene.erdman	3
196682	parker_crist	0
196197	reuben_jakubowski	3
197930	krystbs	0
196446	maximillia_mosciski	3
196317	yasmeen.mcdermotu	0
196121	roselzt	0
198013	kelly.daugherty	3
198661	rosenez	0
198346	harvfr	0
199768	marjolaiop	0
195815	stacy_heaney	3
197793	icv	3
197520	cathrior	3
199407	junius.spinka	3
195042	mustafa_abernathy	0
195500	elaina.quigley	3
199251	dashaxv	3
198698	alfredo.ziemann	3
197124	ezequifq	0
199056	asia_wunsch	0
198034	maspu	0
196934	jeanju	0
197561	elenor_grady	3
196665	irwjn	0
198097	natasha.beier	0
199679	brafe	3
195917	aleia_rutherford	0
197037	citlalli.flatley	0
199057	graciela.mertz	3
196284	candelarkb	0
195839	keshaun_maggio	3
195978	vermk	0
198113	angeline.wiza	0
199045	spencer_schulist	0
195828	leonosd	0
197050	mavkc	0
199994	jonas.reichert	0
198202	carmela.oconnell	3
199002	retha.ratke	3
195206	juvenal_renner	0
199540	alexandro.heaney	3
195200	ernesuy	3
197522	moriah_schowalter	3
199789	chestfp	3
195145	herman.gulgowski	3
195764	vinnjh	3
199932	wernft	0
196917	florida_jaskolski	0
198295	guadalupe_mohr	3
197548	janice.lubowitz	3
196117	royce.witting	3
196567	darremp	0
198108	jammjq	3
195364	jan_krajcik	3
198964	aron_wilderman	0
196241	codb	3
197773	langf	3
198869	joelml	0
195403	rhd	3
196465	shankw	3
196921	shavt	3
197287	janelml	0
197355	amalia.rosenbaum	0
196818	normw	0
197206	leopomp	3
197405	sidngd	0
196963	mortimfv	3
197272	halgc	3
196945	imaoq	3
199003	phyllis.jakubowski	0
196412	mireya.goldner	0
199503	jermey.moore	3
197416	marge_cummerata	0
195440	fannie_keebler	0
197354	amparo_kovacek	3
198707	jewel_gutkowski	0
198453	jonas_kuhic	3
199508	kibu	0
195842	jeanettz	0
199728	frankjp	0
196779	ruel.herman	3
199437	gordon.little	3
195952	kaemd	0
199842	pat.bednar	3
197472	vivienne_berge	0
197424	sally_jast	3
198207	giovaoj	3
196244	felton.ledner	0
197907	lukas.heidenreich	0
197286	craig.schmeler	0
195222	annetvl	3
199527	carlos.leannon	0
197598	torey.kshlerin	0
199762	marlene.bogan	0
197983	bridj	0
199621	axfr	0
198789	nemy	3
196762	cooper.jones	0
199247	dexter.hackett	0
199806	santos_harris	3
195078	arnoldo_bogisich	0
197892	alana.gislason	0
196148	frederic_collier	0
199563	ian_schowalter	0
198929	alvina_sanford	0
198702	casimfs	0
195830	albertha_cormier	0
199526	ariaoi	0
198980	ibrahjs	3
196306	maymji	0
199809	treva.runolfon	3
198143	eladjx	3
197518	enody	3
198443	kraig.rath	3
196353	amelie.kirlin	0
195857	else.turner	3
196877	raymundo_hodkiewicz	0
195418	kole.abshire	0
195292	anjali.bins	3
198838	loniy	0
199623	rodridx	3
198857	adriel.spinka	0
196863	hertid	0
198785	robb.douglas	3
199881	oswald.cummerata	3
197898	sebastica	3
198791	jettjm	3
198481	alphonso.dubuque	0
199456	gillibo	0
199363	hailie.emmerich	3
195586	elpz	0
196624	marytn	3
198545	german_sawayo	0
195748	maribel_glover	0
197473	braoy	0
195135	hattjj	0
199238	lilla.jacobson	3
197038	jacquelzs	0
196482	autunv	3
195384	katlyor	3
195385	zaoh	3
195947	kyla.franecki	3
196697	stephfx	0
196373	augusta.davis	0
195913	una.crona	3
195532	clioq	3
197572	destini_heel	0
195151	lyoq	3
198167	maggjp	3
198930	tevin.pfeffer	0
197760	gunnbz	0
198246	audra.gorczany	0
196025	antoinetur	3
197956	amerifj	3
195724	aditzi	3
199630	brycfn	0
199511	elizabeun	3
195856	joanniz	0
196041	rosioj	3
197571	leuf	0
196899	furman.marks	0
197764	kaylla	3
199147	verml	3
196418	fausuo	0
199536	langg	0
199919	iog	0
196195	alfoobf	3
196371	ignatius.stroman	0
195909	idelml	0
198803	tyson_bartoletti	0
199054	nellie.yost	0
197213	stantpy	0
195945	erlm	3
198366	bropw	0
198234	esmeralda.harris	0
195371	zechariah.bauch	0
197774	aydfz	0
195885	janice.rau	0
198018	barbarz	0
199935	gudrun.pacocha	0
197245	abdp	0
195568	hanna.effertz	0
199781	horacio.lockman	0
197042	jannji	0
195102	rashayc	0
195995	grace.hermiston	3
199783	deqd	0
197281	jennjr	0
197652	cateriod	0
199428	otis.jones	0
199767	edmuoa	3
199168	ila.macgyver	3
195015	cornelivz	0
195595	freembs	3
198770	kathsac	3
199445	nayemb	0
197336	louvenia_runte	3
198709	aymf	0
198471	tyshaxw	0
196319	joanny_stoltenberg	0
199438	nathanifi	0
195581	aimfl	0
195159	reuo	0
199470	merl_dibbert	0
196308	laurettz	0
197450	cary.koepp	0
198801	lenna_nader	0
199899	derick.kub	0
198607	kofn	3
197230	zaria_romaguera	3
196023	hyman.oharb	3
195354	joelmj	3
199344	maye.pouros	3
197204	aurellf	3
198064	brbs	0
196288	shaniya_beer	0
195556	casimfr	0
199874	delilah_heidenreici	0
197361	estefanje	0
195633	arely.wiza	0
195600	raegan.koepp	3
197826	jaclyn_yundt	0
195087	diana_weinat	0
197903	hershel_renner	3
199501	mortpn	0
199219	tiaoh	3
198548	may.rosenbaum	0
195535	kamille.walter	0
196529	theodotl	3
197384	henrietug	3
199517	amos.balistreri	3
199662	lavess	0
199170	kayden.nienow	3
197997	horacjx	3
198281	alvera_kautzer	0
198157	itzfs	3
199504	lindsfv	3
195599	doug_satterfiele	0
196992	thha	3
195443	jaypj	0
195628	mercedes_nicolas	0
195123	eleazby	0
195033	hentt	0
195731	brepc	3
195374	rekj	3
199950	carroll.botsford	0
199665	axfs	3
197600	hortense_kozey	0
195530	rogfv	3
199555	cleveland_marks	0
199026	jullj	3
199814	maxie_bailey	3
199230	eloiup	3
197157	art.oconnell	3
199747	abraham_gleichner	0
199939	morris.tremblay	0
195347	makenna.leannon	0
196052	lawrence_hagenes	0
197040	ozella.rogahn	3
198272	joyce.murphy	3
198681	elenqd	3
195305	alfonzo.mertz	3
198865	caden.brekkf	0
195216	tyrese_robel	3
195303	amiod	0
196553	clementipg	0
195520	mariemu	0
195679	alispr	0
199841	rodgfq	3
198344	cornelius.blick	3
196507	ernestine.friesen	0
199592	lenotu	0
197084	priscilla_schuppe	0
198365	adrian.bernhard	0
197477	bemw	0
196106	carrjj	0
196717	daribn	0
199497	mattie.schoen	3
195757	waylpx	3
198570	jace_kovacek	0
197590	nicklawo	0
195448	hudsqe	3
196642	kevpr	3
195700	caandty	0
198911	claudine_hodkiewicz	0
197822	otiljl	0
199904	manley.schultz	3
195282	neha_gaylord	0
198766	allison.corwin	0
195127	perel	0
198799	laverox	3
198053	willard.blicl	0
197748	margarett.hyatt	0
196046	felton.hudson	0
196444	pedtb	3
195511	augustine_bins	3
197125	jargd	3
198490	makenna.boyle	0
195861	zola.kilback	3
198203	mallie.altenwerth	0
198579	nico.wehner	0
198558	chaei	0
195638	wilfrid_gottlieb	0
195288	clovis_pfannerstill	0
198668	broomw	0
196722	clgg	0
196190	mauricio.mcglynn	0
197170	eliezer_little	0
198982	trever.dare	0
195980	freeda.connelly	3
199328	darrzz	0
199199	walter_renner	0
197830	adolf.will	0
197736	olivga	0
197607	mckayla.leuschke	3
196479	adelle_beatty	0
197309	noml	3
197237	macjp	3
195546	mbaw	3
196703	franceseo	0
198494	kennium	3
199418	elton.davis	0
198621	erica.shanahan	3
196832	ona.hickle	3
195548	alfrefq	0
197632	jamar.kutch	0
199981	madisen_nolan	0
197005	warren_lynch	0
196291	betsy_reynoldt	0
198136	eugene_heller	0
197023	pete.nitzsche	0
195934	lia_howell	3
198503	harrisqb	0
197396	shaypm	0
198296	kariane.walker	0
195692	alfontq	0
196114	esthfx	3
195096	wimp	3
197292	renee_zboncak	3
197307	euly	0
199782	carlotum	0
198023	maveridp	3
197478	sydngv	0
198213	jeniffp	0
198383	jackmac	3
197947	avjp	0
195988	tejj	0
198033	merritt.bosco	0
195225	charleos	0
199202	norbesx	0
195862	roma_goyettf	3
195212	elmer_sanford	3
196174	gregg.sawayn	0
199024	tyremz	3
199554	kira_vonrueden	0
195221	gust.kiehn	3
195996	vbu	0
199599	cyrus.lowe	3
197627	ardiuh	3
195516	nelson.fritsch	0
197791	bobbjv	0
198872	levi.hackett	3
199505	caden.purdy	0
196198	casimer.swaniawski	0
196580	waino.roberts	3
197249	sabriof	0
196600	darwin.cartwright	0
196048	domenje	0
195927	gregorkj	0
197943	christiana.prosacco	3
195780	geneskc	3
196518	niconw	3
195118	breus	0
195404	raphaelmc	3
198306	emilio_graham	3
199873	lisandro_rath	3
199706	johnnie_considinf	3
196626	bettjm	3
196471	sarct	0
195001	murpjd	0
199764	bria_bergstrom	0
195124	edyuk	3
197479	arnomp	3
195433	thaddevu	3
197724	quinem	0
199072	tiffany.pollich	0
196505	jalpy	0
196572	antonietue	3
195081	roosevelt.abshire	0
196861	elvla	0
196493	bria.bechtelar	0
195898	sam.rau	3
197070	troy_lehner	3
199083	raphaelme	3
199844	alfredo.gerlach	0
197678	kathlyn_streich	0
195534	sarah_halvorson	3
195163	nicklaus_skiles	3
196528	samog	0
197299	reedx	3
199636	hebfr	0
198748	brody_haag	0
196760	laurja	0
195469	gerson.miller	3
195894	rae.brown	0
198274	hattie_hodkiewicz	0
197653	ramiro_kuphal	0
196568	shaypl	3
199960	vivienne.cain	0
195100	jordzs	0
196101	kisv	0
199758	jesvq	0
195772	colin_mcdermott	3
195398	blala	0
199366	ivw	3
197762	domenica_eichmann	0
195854	bernadioz	0
197072	judge.herman	3
197381	carolyon	3
199158	eleonore.boehm	0
199972	trever.satterfield	0
198313	germbu	0
197095	nathanial_rohan	0
196629	tillmbs	0
196040	friea	0
197587	jordbz	3
195482	jaycee.raynor	0
197633	hestfw	3
195413	ophelia_kaulke	0
197365	margarevx	0
196932	lina_thiel	0
198401	ampp	3
197521	archibald_friesen	3
197838	stefbz	3
199562	lyot	0
195938	jayce.murray	0
195677	conc	3
196621	nejt	3
195656	addison_reichel	3
197186	winstpx	0
197683	cuta	3
198700	madhl	0
199549	myrtkj	0
197512	giusepqg	3
197270	orland_mayert	0
196892	antonina_mcdermott	0
198063	vernon_effertz	3
196891	maye_schroeder	0
196563	laurianne.moen	0
195666	althfh	0
197567	norvcd	0
198115	julihg	3
198368	delbesz	0
197960	abagail.barrows	3
196145	esuh	0
196251	lenott	0
195106	gabe_legros	0
196725	daript	3
196063	amazk	0
196776	rugs	0
198420	carlqa	0
195318	katelyn.leffles	0
196767	dejbj	0
199557	cornemu	0
198152	torey.daniel	3
195727	kennedy.moore	0
198390	nellie.stehr	0
198080	objt	0
195199	christop.nikolaus	0
198222	haqa	3
195095	furmbs	0
195029	juana.dietrich	0
196800	niko.jones	3
197552	trystan_cartwright	3
199839	nicholaus_torphy	0
197656	hobart.kling	3
195866	angelina_kemmer	0
196887	daphngy	3
198117	aniya_mueller	3
196348	chrisvr	0
197380	holdfy	3
196911	estebbt	0
199544	kiara_torphy	0
196573	cesbz	0
195372	leo.powlowski	3
196632	harmon_brown	0
197195	dale_kautzer	0
195136	jeremjj	0
197560	jonathbp	0
198855	mzg	0
197728	dennis.mcclure	3
199688	luef	0
199360	adrianna.hagenes	0
196104	juliet_friesen	3
195472	gladys.willms	0
196592	lawspq	3
195205	caandra_bernier	0
197514	allfu	3
195542	braedft	3
197510	jordane_lubowitz	3
198752	audrgc	0
197502	dalton_dickinson	0
199067	dagmar.grimes	0
197696	andreaoh	3
196264	luna_dickinson	0
197269	ramoon	0
197695	roseney	3
199843	kaitlyn.farrell	0
198204	paytpv	0
195588	kamilmh	0
195107	helena.ward	0
199079	damaris_boyle	0
196549	austyn_windler	0
197190	seth_corkery	0
199766	kaycfj	0
198138	walez	3
195597	demarcvw	0
195330	justen.haag	3
197017	carlie.stracke	0
195594	frederik.leuschke	0
197316	alan_thompson	3
196988	glfy	0
198619	oqy	0
196038	stoon	3
196099	rory.konopelski	0
196124	gianni.blick	0
196854	mariana.skiles	0
196008	marcelle_raynor	3
198339	emil_lemke	3
199154	clark_hudson	0
195979	heaven_boyle	0
195553	stewart.carroll	0
199675	tiom	0
198761	monrpp	0
199738	marjolaioo	0
200000	sandrioc	0
199487	krystiok	0
198609	karina_tromp	0
198126	gertrufb	3
197967	emory.pouros	3
197302	berzk	3
195937	hollis.moore	0
197895	billie_ruel	3
195178	gladyce_ruecker	0
196294	leslje	3
199654	blanche.effertz	0
197710	bertraou	3
196498	douglbv	3
195239	ally_moeo	0
197545	keely_lesch	0
195447	lucbz	3
195410	rick.rohan	3
195097	marco_price	0
198931	henri_wunsch	3
199930	maize	3
199569	florence.deckow	3
196517	linnie.harris	0
198170	alfonzo.frami	0
195870	geovanni.thompson	0
198210	johaok	3
198472	unique.stanton	3
197400	ephraju	0
196668	drake_champlin	3
196363	ardelmc	0
198914	hollis.reichel	3
198073	waiou	0
199740	jeremjk	0
197672	jeanette.langosh	3
197739	alexa_miller	3
195499	fleuf	3
198828	dorjv	3
198278	gracjh	0
198849	johnpaul_reichem	3
199078	kellhf	3
199780	terrence_harvey	3
197229	novella_hodkiewicz	0
196833	yvonne.cronio	0
198875	sophkw	3
199685	jeica_hintz	3
195773	orie.okeefe	3
195407	sibyl.barton	0
197029	max_legros	0
199183	courtney_heller	0
197867	jaydfr	3
195926	taryn_cormier	0
195928	reol	0
196930	jamarcvp	3
199137	glfz	0
197225	karlee_stokes	3
199891	domenick_smith	0
199522	cody_altenwerth	0
199102	orlaoo	3
196522	niconx	0
196053	genoveva.ebert	0
199788	orin.mosciski	0
199368	fried	0
197073	veronica_mclaughlin	0
198954	fostgg	0
197799	michafr	3
199735	sonjh	0
197926	rod.schneider	0
196163	jamabs	3
199151	lonie_mcglynn	3
198310	marietta.spencer	0
197334	haylie.bradtke	0
198145	moribp	0
196574	melia.schmidt	3
196058	jaylbn	3
199867	delaney_feil	3
199460	jasen.reichel	0
197199	delpib	3
198285	brandzm	0
199465	rolljs	0
198841	karmp	3
198688	alexandria_kaulke	0
199543	trinity.mckenzie	3
196645	darrel.ko	0
198597	gabrifq	0
197162	felipe.nikolaus	0
199736	berul	3
195665	owen.okuneva	3
199539	joshubj	0
199512	bernaret	0
199266	rashayd	3
197394	kathsab	3
198934	walkfr	0
199081	francisca_skiles	0
199226	rowh	3
197977	teagbz	0
196985	mark_brown	0
197790	michel_ebert	0
198328	brady_pfeffer	3
197490	ruthie.kunde	3
198805	rosenfa	0
199669	natasia	0
198111	braulio_ohara	0
199312	guiex	0
196900	fipa	0
195494	danika.doyle	3
195297	emmanuel.donnelly	0
198988	tyree.schimmem	0
195272	angelidl	0
198531	ief	0
196643	ramiro.kuhlman	0
198462	reynomi	0
198275	abnfs	3
196403	emilkq	0
199722	lonzo.shields	0
197266	brendbw	0
197366	fernanfh	0
198386	sherwood_bechtelas	0
195812	kiara_hermiston	0
198468	laron_barton	0
195119	ferne_harvey	0
196999	zakary_schultz	0
199287	jaydfs	0
198750	mose.bauch	0
198321	ro.homenick	0
195156	kimberne	0
199485	jerry.sauer	0
195171	atheon	0
196562	ricky_koch	0
198600	scarlett.gutkowski	0
199086	kitty.wisokz	0
195685	tristin.halvorsoo	0
198163	kilgc	0
197641	rilgg	0
197654	hank_swaniawski	3
196439	pamela_brakus	0
195593	breneh	3
199717	elenqe	0
195274	mafalem	0
196552	peasm	0
195057	jaylon.kovacek	3
195664	marge.crooks	3
199860	rudh	0
199979	edgardo.boyer	0
197549	lacey_green	0
195641	alljm	3
198836	isaias.schaefer	0
197035	mckenof	0
199792	winnifrfl	0
197060	braxtpt	3
198336	clovkd	0
199234	jerad.leuschke	0
199281	valentjr	3
199144	eulz	0
198461	johnny.leuschke	3
199415	kathryne.heaney	0
197876	tyrique_rippin	0
199821	antonetta.lind	0
196200	kaitljo	0
196839	cedridv	0
198756	durward.monahan	0
199515	adrienne.larkin	0
199099	jerod.harber	0
198425	estebbu	0
196410	brielmo	0
198354	marceng	3
198297	kay_kuhn	0
199811	velva.pfannerstill	0
196730	wilbert.morar	0
198539	naomi.strosin	3
197275	aylin.sipes	0
197444	olin_vonrueden	3
197976	kasandra.mosciski	0
198293	audreanof	0
197471	rosella.cummings	3
197093	clifton.hahn	0
195706	alaioe	3
196297	connqi	3
198327	hiram.auer	0
196367	efrajx	0
199602	lola.gottlieb	0
198179	alljo	3
199770	jeramie.nolan	3
195259	myrtidh	0
199100	desmond_marquardt	0
195201	garrett_littem	0
196189	lyda_farrelm	0
196248	benpb	0
199417	makenny	3
197441	burlgg	3
196425	jamdb	0
196342	eleanore.waters	3
196201	tillmbr	0
198332	aglae.crooks	0
198543	jahp	0
197680	laurgy	3
199567	mota	0
196421	jacmh	3
196077	art.yost	0
199342	dwigja	0
196266	vinceobq	3
197516	lowemq	0
199341	shanny.thompson	3
199015	jeika_okeefe	0
195755	erll	3
199507	jacky_simonis	0
197775	alexandriof	3
199847	lorior	3
197136	hillati	0
198760	macy_reichel	0
195223	caee	0
197438	raleihp	0
197491	mfe	0
197504	hapz	0
195630	colton_rosenbaum	3
197389	kali.purdy	0
199419	rocky.beatty	3
198226	ravfn	3
197208	avery_schmidt	0
197767	jarge	0
195294	madelzy	0
196875	branij	3
199440	caifk	3
199985	harvfs	0
199790	bernie.gutkowski	0
195604	karianoo	0
197458	petso	0
196108	benjamin_grant	0
197953	jayce_hermiston	3
199952	lucile.lynch	0
199632	josiane_bergnaum	0
199180	ursumd	0
196073	tillman.bednar	3
198192	jovani_sawayn	0
195806	tristibv	3
199277	shanqy	3
198812	candace.yundt	0
197969	rico.pagac	0
195506	jace.kuhn	0
196862	sid_emmerich	3
196974	bartholonf	0
196679	blalb	3
199268	johathan.kertzmann	0
198424	catalioh	3
196960	laverne.sauer	0
199191	hans_macgyver	0
195741	abdullbe	0
197740	garrett_klocko	0
198652	josvv	3
197022	kifo	3
197825	xzavifz	0
197488	creome	0
198916	arne.mraz	0
197517	lillian_howe	0
199386	brooke.lehner	0
195654	terti	0
195453	brody.grady	3
197558	sawf	0
196890	enqa	0
198794	corene_gutmann	0
196075	kamron_feeney	0
196167	adaline.bayer	0
197332	seleol	0
198990	nzj	0
196432	dominjx	0
199949	clarabelle_swift	3
197996	elqb	0
197777	haylgg	0
199664	hailee.ebert	0
196477	stefanie.beckes	3
197436	herman_kunze	3
198356	sydngw	0
195343	stefan_conroy	3
197085	vicenta_gulgowski	3
196280	cathrioq	0
195790	bradley_cormier	3
195067	gladydj	0
196240	trace.schulist	0
197923	cheyenoi	0
197849	felicjj	3
198502	tazf	3
197154	rose.kunde	0
197489	percy_considine	0
197817	willard_pacocha	3
199574	greyson_hoeger	0
198978	adrianna_hammes	0
198445	virgie_schowalter	3
197108	tre.beahan	3
195130	martine.sawayn	0
198004	alfreda.jakubowski	0
199516	zoie_graham	0
198052	emmitt_orn	0
199625	lambetd	3
197629	leug	0
199212	tommjm	0
196631	viviane.breitenberg	3
199466	olga.strosin	3
197532	haven.haley	0
197160	weldon.haag	0
195575	sophkv	0
199149	deonte_hoeger	3
195974	vickie_hamill	0
196902	frederic_jaskolski	3
195053	jasmjv	0
197440	lauriaoy	3
196453	grace_marks	0
198677	rubfs	0
198705	antonina_bruen	3
196098	cynthjg	3
197356	peggie_schmidt	0
198923	sincere_moen	3
197395	marian_gusikowski	3
197293	robbie.rau	0
199259	destini.jast	0
196407	kaandra.adams	0
198181	winona.klocko	0
196255	roy.paucek	0
196808	tyspm	3
195438	tyshawn_altenwerth	3
196720	lelbv	0
199916	goldge	0
198574	okfw	0
197476	rampo	0
196613	christina.hayes	0
196416	benny.howell	0
196492	sigurd.ratke	0
195044	jamespv	0
197934	mckayla_orn	0
196329	hilbesv	0
197904	kargk	0
197757	zackery.dach	0
198027	esmeralda_kovacek	3
199914	orvilmo	0
196835	elva_auer	3
199208	gabe_armstrong	0
197940	ispz	0
196958	joshua.hyatt	3
199337	clifford.wintheiser	0
198487	aurellh	3
198389	naonq	0
198261	travon_rau	0
198092	bernadetum	0
199461	bennjp	0
199593	landk	0
195131	modesvt	0
198626	sandsl	0
197664	herman_lowe	0
199686	theo.jaskolski	0
195562	benton.howell	0
195897	nora.ward	3
197390	hestfv	0
197128	llozq	0
195441	alexandfq	3
198883	olbm	0
199220	zelma_crona	3
195388	grfl	0
197080	weldon_jacobson	0
195309	chritw	3
198010	peggie_white	0
199109	warrgb	3
195627	corrine.greenfelder	0
196476	jacinto_kris	3
198348	wilhelm_feest	0
198093	steve.mclaughlin	0
197890	jaycfn	0
199050	tazg	0
198633	granvilms	0
197216	saige.gleichner	0
199530	harsu	0
195814	barton.jast	3
199120	kasey.gibson	0
198919	giovanrg	3
197999	gustawf	0
195936	ciara.moen	3
198775	prestpu	0
198864	orin_will	0
196433	vernidm	0
197461	flavie_mckenzie	3
199318	eva.webes	0
198464	veof	3
195089	tyrese_stanton	0
197880	nicolas_mueller	0
196064	destinhb	0
195358	dylan_jaskolski	3
197167	jamhj	0
196695	merlin.mcglynn	0
197862	luna.schimmel	0
199520	clajz	3
196115	tatvo	0
197448	abrahbr	0
196254	jed.torp	0
195004	bernice.kaulke	0
199642	heloito	0
199921	fcn	0
197498	josefina_mccullough	0
197861	bvq	0
196089	lynn.reynolds	0
197816	mariela.donnelly	0
197670	deborbo	3
196929	beji	3
196044	lazasx	0
199339	berry_carter	0
199196	krista_runtf	3
197501	hildegard.dach	0
197234	gina.beatty	0
197077	tremayom	0
198755	chasity.larkin	0
198257	magnvz	0
197324	abel_kemmes	0
197606	kallie_stiedemann	0
195436	darlene_harris	0
195902	juliana_lang	3
199908	gerry_jaskolski	0
195503	rigoberto.schiller	0
196442	aqj	0
196434	bradly_reichel	0
196827	kierbs	3
195429	margqe	0
195914	marc.fritsch	0
197462	archibald.mann	0
199263	kianna.hamill	0
197130	hailgy	0
197526	davion.jakubowski	0
199260	sheimm	0
198504	zetta_doyle	0
198002	davion.spinka	0
199537	marcos.hodkiewicz	0
195990	taurean_cronin	0
199702	donnjf	0
